This is XeTeX, Version 3.141592653-2.6-0.999995 (TeX Live 2023/Debian) (preloaded format=xelatex 2026.6.2)  10 OCT 2026 16:46
entering extended mode
 restricted \write18 enabled.
 %&-line parsing enabled.
**calculusAndAnalyticGeometry
(./calculusAndAnalyticGeometry.tex
LaTeX2e <2023-11-01> patch level 1
L3 programming layer <2024-01-22>
(/usr/share/texlive/texmf-dist/tex/latex/base/book.cls
Document Class: book 2023/05/17 v1.4n Standard LaTeX document class
(/usr/share/texlive/texmf-dist/tex/latex/base/leqno.clo
File: leqno.clo 2016/12/29 v1.2b Standard LaTeX option (left equation numbers)
)
(/usr/share/texlive/texmf-dist/tex/latex/base/bk10.clo
File: bk10.clo 2023/05/17 v1.4n Standard LaTeX file (size option)
)
\c@part=\count183
\c@chapter=\count184
\c@section=\count185
\c@subsection=\count186
\c@subsubsection=\count187
\c@paragraph=\count188
\c@subparagraph=\count189
\c@figure=\count190
\c@table=\count191
\abovecaptionskip=\skip48
\belowcaptionskip=\skip49
\bibindent=\dimen140
)
kkk: to avail gnuplot functionality must run "xelatex --shell-escape calculusAn
dAnalyticGeometry"
(/usr/share/texlive/texmf-dist/tex/latex/circuitikz/circuitikz.sty
Package: circuitikz 2023/12/09{} The CircuiTikz circuit drawing package version
 1.6.6

(/usr/share/texlive/texmf-dist/tex/latex/pgf/frontendlayer/tikz.sty
(/usr/share/texlive/texmf-dist/tex/latex/pgf/basiclayer/pgf.sty
(/usr/share/texlive/texmf-dist/tex/latex/pgf/utilities/pgfrcs.sty
(/usr/share/texlive/texmf-dist/tex/generic/pgf/utilities/pgfutil-common.tex
\pgfutil@everybye=\toks17
\pgfutil@tempdima=\dimen141
\pgfutil@tempdimb=\dimen142
)
(/usr/share/texlive/texmf-dist/tex/generic/pgf/utilities/pgfutil-latex.def
\pgfutil@abb=\box51
)
(/usr/share/texlive/texmf-dist/tex/generic/pgf/utilities/pgfrcs.code.tex
(/usr/share/texlive/texmf-dist/tex/generic/pgf/pgf.revision.tex)
Package: pgfrcs 2023-01-15 v3.1.10 (3.1.10)
))
Package: pgf 2023-01-15 v3.1.10 (3.1.10)

(/usr/share/texlive/texmf-dist/tex/latex/pgf/basiclayer/pgfcore.sty
(/usr/share/texlive/texmf-dist/tex/latex/graphics/graphicx.sty
Package: graphicx 2021/09/16 v1.2d Enhanced LaTeX Graphics (DPC,SPQR)

(/usr/share/texlive/texmf-dist/tex/latex/graphics/keyval.sty
Package: keyval 2022/05/29 v1.15 key=value parser (DPC)
\KV@toks@=\toks18
)
(/usr/share/texlive/texmf-dist/tex/latex/graphics/graphics.sty
Package: graphics 2022/03/10 v1.4e Standard LaTeX Graphics (DPC,SPQR)

(/usr/share/texlive/texmf-dist/tex/latex/graphics/trig.sty
Package: trig 2021/08/11 v1.11 sin cos tan (DPC)
)
(/usr/share/texlive/texmf-dist/tex/latex/graphics-cfg/graphics.cfg
File: graphics.cfg 2016/06/04 v1.11 sample graphics configuration
)
Package graphics Info: Driver file: xetex.def on input line 107.

(/usr/share/texlive/texmf-dist/tex/latex/graphics-def/xetex.def
File: xetex.def 2022/09/22 v5.0n Graphics/color driver for xetex
))
\Gin@req@height=\dimen143
\Gin@req@width=\dimen144
)
(/usr/share/texlive/texmf-dist/tex/latex/pgf/systemlayer/pgfsys.sty
(/usr/share/texlive/texmf-dist/tex/generic/pgf/systemlayer/pgfsys.code.tex
Package: pgfsys 2023-01-15 v3.1.10 (3.1.10)

(/usr/share/texlive/texmf-dist/tex/generic/pgf/utilities/pgfkeys.code.tex
\pgfkeys@pathtoks=\toks19
\pgfkeys@temptoks=\toks20

(/usr/share/texlive/texmf-dist/tex/generic/pgf/utilities/pgfkeyslibraryfiltered
.code.tex
\pgfkeys@tmptoks=\toks21
))
\pgf@x=\dimen145
\pgf@y=\dimen146
\pgf@xa=\dimen147
\pgf@ya=\dimen148
\pgf@xb=\dimen149
\pgf@yb=\dimen150
\pgf@xc=\dimen151
\pgf@yc=\dimen152
\pgf@xd=\dimen153
\pgf@yd=\dimen154
\w@pgf@writea=\write3
\r@pgf@reada=\read2
\c@pgf@counta=\count192
\c@pgf@countb=\count193
\c@pgf@countc=\count194
\c@pgf@countd=\count195
\t@pgf@toka=\toks22
\t@pgf@tokb=\toks23
\t@pgf@tokc=\toks24
\pgf@sys@id@count=\count196
 (/usr/share/texlive/texmf-dist/tex/generic/pgf/systemlayer/pgf.cfg
File: pgf.cfg 2023-01-15 v3.1.10 (3.1.10)
)
Driver file for pgf: pgfsys-xetex.def
(/usr/share/texlive/texmf-dist/tex/generic/pgf/systemlayer/pgfsys-xetex.def
File: pgfsys-xetex.def 2023-01-15 v3.1.10 (3.1.10)

(/usr/share/texlive/texmf-dist/tex/generic/pgf/systemlayer/pgfsys-dvipdfmx.def
File: pgfsys-dvipdfmx.def 2023-01-15 v3.1.10 (3.1.10)

(/usr/share/texlive/texmf-dist/tex/generic/pgf/systemlayer/pgfsys-common-pdf.de
f
File: pgfsys-common-pdf.def 2023-01-15 v3.1.10 (3.1.10)
)
\pgfsys@objnum=\count197
)))
(/usr/share/texlive/texmf-dist/tex/generic/pgf/systemlayer/pgfsyssoftpath.code.
tex
File: pgfsyssoftpath.code.tex 2023-01-15 v3.1.10 (3.1.10)
\pgfsyssoftpath@smallbuffer@items=\count198
\pgfsyssoftpath@bigbuffer@items=\count199
)
(/usr/share/texlive/texmf-dist/tex/generic/pgf/systemlayer/pgfsysprotocol.code.
tex
File: pgfsysprotocol.code.tex 2023-01-15 v3.1.10 (3.1.10)
)) (/usr/share/texlive/texmf-dist/tex/latex/xcolor/xcolor.sty
Package: xcolor 2023/11/15 v3.01 LaTeX color extensions (UK)

(/usr/share/texlive/texmf-dist/tex/latex/graphics-cfg/color.cfg
File: color.cfg 2016/01/02 v1.6 sample color configuration
)
Package xcolor Info: Driver file: xetex.def on input line 274.

(/usr/share/texlive/texmf-dist/tex/latex/graphics/mathcolor.ltx)
Package xcolor Info: Model `cmy' substituted by `cmy0' on input line 1350.
Package xcolor Info: Model `RGB' extended on input line 1366.
Package xcolor Info: Model `HTML' substituted by `rgb' on input line 1368.
Package xcolor Info: Model `Hsb' substituted by `hsb' on input line 1369.
Package xcolor Info: Model `tHsb' substituted by `hsb' on input line 1370.
Package xcolor Info: Model `HSB' substituted by `hsb' on input line 1371.
Package xcolor Info: Model `Gray' substituted by `gray' on input line 1372.
Package xcolor Info: Model `wave' substituted by `hsb' on input line 1373.
)
(/usr/share/texlive/texmf-dist/tex/generic/pgf/basiclayer/pgfcore.code.tex
Package: pgfcore 2023-01-15 v3.1.10 (3.1.10)

(/usr/share/texlive/texmf-dist/tex/generic/pgf/math/pgfmath.code.tex
(/usr/share/texlive/texmf-dist/tex/generic/pgf/math/pgfmathutil.code.tex)
(/usr/share/texlive/texmf-dist/tex/generic/pgf/math/pgfmathparser.code.tex
\pgfmath@dimen=\dimen155
\pgfmath@count=\count266
\pgfmath@box=\box52
\pgfmath@toks=\toks25
\pgfmath@stack@operand=\toks26
\pgfmath@stack@operation=\toks27
)
(/usr/share/texlive/texmf-dist/tex/generic/pgf/math/pgfmathfunctions.code.tex)
(/usr/share/texlive/texmf-dist/tex/generic/pgf/math/pgfmathfunctions.basic.code
.tex)
(/usr/share/texlive/texmf-dist/tex/generic/pgf/math/pgfmathfunctions.trigonomet
ric.code.tex)
(/usr/share/texlive/texmf-dist/tex/generic/pgf/math/pgfmathfunctions.random.cod
e.tex)
(/usr/share/texlive/texmf-dist/tex/generic/pgf/math/pgfmathfunctions.comparison
.code.tex)
(/usr/share/texlive/texmf-dist/tex/generic/pgf/math/pgfmathfunctions.base.code.
tex)
(/usr/share/texlive/texmf-dist/tex/generic/pgf/math/pgfmathfunctions.round.code
.tex)
(/usr/share/texlive/texmf-dist/tex/generic/pgf/math/pgfmathfunctions.misc.code.
tex)
(/usr/share/texlive/texmf-dist/tex/generic/pgf/math/pgfmathfunctions.integerari
thmetics.code.tex)
(/usr/share/texlive/texmf-dist/tex/generic/pgf/math/pgfmathcalc.code.tex)
(/usr/share/texlive/texmf-dist/tex/generic/pgf/math/pgfmathfloat.code.tex
\c@pgfmathroundto@lastzeros=\count267
))
(/usr/share/texlive/texmf-dist/tex/generic/pgf/math/pgfint.code.tex)
(/usr/share/texlive/texmf-dist/tex/generic/pgf/basiclayer/pgfcorepoints.code.te
x
File: pgfcorepoints.code.tex 2023-01-15 v3.1.10 (3.1.10)
\pgf@picminx=\dimen156
\pgf@picmaxx=\dimen157
\pgf@picminy=\dimen158
\pgf@picmaxy=\dimen159
\pgf@pathminx=\dimen160
\pgf@pathmaxx=\dimen161
\pgf@pathminy=\dimen162
\pgf@pathmaxy=\dimen163
\pgf@xx=\dimen164
\pgf@xy=\dimen165
\pgf@yx=\dimen166
\pgf@yy=\dimen167
\pgf@zx=\dimen168
\pgf@zy=\dimen169
)
(/usr/share/texlive/texmf-dist/tex/generic/pgf/basiclayer/pgfcorepathconstruct.
code.tex
File: pgfcorepathconstruct.code.tex 2023-01-15 v3.1.10 (3.1.10)
\pgf@path@lastx=\dimen170
\pgf@path@lasty=\dimen171
)
(/usr/share/texlive/texmf-dist/tex/generic/pgf/basiclayer/pgfcorepathusage.code
.tex
File: pgfcorepathusage.code.tex 2023-01-15 v3.1.10 (3.1.10)
\pgf@shorten@end@additional=\dimen172
\pgf@shorten@start@additional=\dimen173
)
(/usr/share/texlive/texmf-dist/tex/generic/pgf/basiclayer/pgfcorescopes.code.te
x
File: pgfcorescopes.code.tex 2023-01-15 v3.1.10 (3.1.10)
\pgfpic=\box53
\pgf@hbox=\box54
\pgf@layerbox@main=\box55
\pgf@picture@serial@count=\count268
)
(/usr/share/texlive/texmf-dist/tex/generic/pgf/basiclayer/pgfcoregraphicstate.c
ode.tex
File: pgfcoregraphicstate.code.tex 2023-01-15 v3.1.10 (3.1.10)
\pgflinewidth=\dimen174
)
(/usr/share/texlive/texmf-dist/tex/generic/pgf/basiclayer/pgfcoretransformation
s.code.tex
File: pgfcoretransformations.code.tex 2023-01-15 v3.1.10 (3.1.10)
\pgf@pt@x=\dimen175
\pgf@pt@y=\dimen176
\pgf@pt@temp=\dimen177
)
(/usr/share/texlive/texmf-dist/tex/generic/pgf/basiclayer/pgfcorequick.code.tex
File: pgfcorequick.code.tex 2023-01-15 v3.1.10 (3.1.10)
)
(/usr/share/texlive/texmf-dist/tex/generic/pgf/basiclayer/pgfcoreobjects.code.t
ex
File: pgfcoreobjects.code.tex 2023-01-15 v3.1.10 (3.1.10)
)
(/usr/share/texlive/texmf-dist/tex/generic/pgf/basiclayer/pgfcorepathprocessing
.code.tex
File: pgfcorepathprocessing.code.tex 2023-01-15 v3.1.10 (3.1.10)
)
(/usr/share/texlive/texmf-dist/tex/generic/pgf/basiclayer/pgfcorearrows.code.te
x
File: pgfcorearrows.code.tex 2023-01-15 v3.1.10 (3.1.10)
\pgfarrowsep=\dimen178
)
(/usr/share/texlive/texmf-dist/tex/generic/pgf/basiclayer/pgfcoreshade.code.tex
File: pgfcoreshade.code.tex 2023-01-15 v3.1.10 (3.1.10)
\pgf@max=\dimen179
\pgf@sys@shading@range@num=\count269
\pgf@shadingcount=\count270
)
(/usr/share/texlive/texmf-dist/tex/generic/pgf/basiclayer/pgfcoreimage.code.tex
File: pgfcoreimage.code.tex 2023-01-15 v3.1.10 (3.1.10)
)
(/usr/share/texlive/texmf-dist/tex/generic/pgf/basiclayer/pgfcoreexternal.code.
tex
File: pgfcoreexternal.code.tex 2023-01-15 v3.1.10 (3.1.10)
\pgfexternal@startupbox=\box56
)
(/usr/share/texlive/texmf-dist/tex/generic/pgf/basiclayer/pgfcorelayers.code.te
x
File: pgfcorelayers.code.tex 2023-01-15 v3.1.10 (3.1.10)
)
(/usr/share/texlive/texmf-dist/tex/generic/pgf/basiclayer/pgfcoretransparency.c
ode.tex
File: pgfcoretransparency.code.tex 2023-01-15 v3.1.10 (3.1.10)
)
(/usr/share/texlive/texmf-dist/tex/generic/pgf/basiclayer/pgfcorepatterns.code.
tex
File: pgfcorepatterns.code.tex 2023-01-15 v3.1.10 (3.1.10)
)
(/usr/share/texlive/texmf-dist/tex/generic/pgf/basiclayer/pgfcorerdf.code.tex
File: pgfcorerdf.code.tex 2023-01-15 v3.1.10 (3.1.10)
)))
(/usr/share/texlive/texmf-dist/tex/generic/pgf/modules/pgfmoduleshapes.code.tex
File: pgfmoduleshapes.code.tex 2023-01-15 v3.1.10 (3.1.10)
\pgfnodeparttextbox=\box57
) (/usr/share/texlive/texmf-dist/tex/generic/pgf/modules/pgfmoduleplot.code.tex
File: pgfmoduleplot.code.tex 2023-01-15 v3.1.10 (3.1.10)
)
(/usr/share/texlive/texmf-dist/tex/latex/pgf/compatibility/pgfcomp-version-0-65
.sty
Package: pgfcomp-version-0-65 2023-01-15 v3.1.10 (3.1.10)
\pgf@nodesepstart=\dimen180
\pgf@nodesepend=\dimen181
)
(/usr/share/texlive/texmf-dist/tex/latex/pgf/compatibility/pgfcomp-version-1-18
.sty
Package: pgfcomp-version-1-18 2023-01-15 v3.1.10 (3.1.10)
)) (/usr/share/texlive/texmf-dist/tex/latex/pgf/utilities/pgffor.sty
(/usr/share/texlive/texmf-dist/tex/latex/pgf/utilities/pgfkeys.sty
(/usr/share/texlive/texmf-dist/tex/generic/pgf/utilities/pgfkeys.code.tex))
(/usr/share/texlive/texmf-dist/tex/latex/pgf/math/pgfmath.sty
(/usr/share/texlive/texmf-dist/tex/generic/pgf/math/pgfmath.code.tex))
(/usr/share/texlive/texmf-dist/tex/generic/pgf/utilities/pgffor.code.tex
Package: pgffor 2023-01-15 v3.1.10 (3.1.10)
\pgffor@iter=\dimen182
\pgffor@skip=\dimen183
\pgffor@stack=\toks28
\pgffor@toks=\toks29
))
(/usr/share/texlive/texmf-dist/tex/generic/pgf/frontendlayer/tikz/tikz.code.tex
Package: tikz 2023-01-15 v3.1.10 (3.1.10)

(/usr/share/texlive/texmf-dist/tex/generic/pgf/libraries/pgflibraryplothandlers
.code.tex
File: pgflibraryplothandlers.code.tex 2023-01-15 v3.1.10 (3.1.10)
\pgf@plot@mark@count=\count271
\pgfplotmarksize=\dimen184
)
\tikz@lastx=\dimen185
\tikz@lasty=\dimen186
\tikz@lastxsaved=\dimen187
\tikz@lastysaved=\dimen188
\tikz@lastmovetox=\dimen189
\tikz@lastmovetoy=\dimen190
\tikzleveldistance=\dimen191
\tikzsiblingdistance=\dimen192
\tikz@figbox=\box58
\tikz@figbox@bg=\box59
\tikz@tempbox=\box60
\tikz@tempbox@bg=\box61
\tikztreelevel=\count272
\tikznumberofchildren=\count273
\tikznumberofcurrentchild=\count274
\tikz@fig@count=\count275

(/usr/share/texlive/texmf-dist/tex/generic/pgf/modules/pgfmodulematrix.code.tex
File: pgfmodulematrix.code.tex 2023-01-15 v3.1.10 (3.1.10)
\pgfmatrixcurrentrow=\count276
\pgfmatrixcurrentcolumn=\count277
\pgf@matrix@numberofcolumns=\count278
)
\tikz@expandcount=\count279

(/usr/share/texlive/texmf-dist/tex/generic/pgf/frontendlayer/tikz/libraries/tik
zlibrarytopaths.code.tex
File: tikzlibrarytopaths.code.tex 2023-01-15 v3.1.10 (3.1.10)
)))
(/usr/share/texlive/texmf-dist/tex/generic/pgf/frontendlayer/tikz/libraries/tik
zlibrarycalc.code.tex
File: tikzlibrarycalc.code.tex 2023-01-15 v3.1.10 (3.1.10)
)
(/usr/share/texlive/texmf-dist/tex/generic/pgf/libraries/pgflibraryarrows.meta.
code.tex
File: pgflibraryarrows.meta.code.tex 2023-01-15 v3.1.10 (3.1.10)
\pgfarrowinset=\dimen193
\pgfarrowlength=\dimen194
\pgfarrowwidth=\dimen195
\pgfarrowlinewidth=\dimen196
)
(/usr/share/texlive/texmf-dist/tex/generic/pgf/frontendlayer/tikz/libraries/tik
zlibrarybending.code.tex
File: tikzlibrarybending.code.tex 2023-01-15 v3.1.10 (3.1.10)

(/usr/share/texlive/texmf-dist/tex/generic/pgf/modules/pgfmodulebending.code.te
x
File: pgfmodulebending.code.tex 2023-01-15 v3.1.10 (3.1.10)

(/usr/share/texlive/texmf-dist/tex/generic/pgf/modules/pgfmodulenonlineartransf
ormations.code.tex
File: pgfmodulenonlineartransformations.code.tex 2023-01-15 v3.1.10 (3.1.10)
\pgftransformnonlinearflatness=\dimen197
)
(/usr/share/texlive/texmf-dist/tex/generic/pgf/libraries/pgflibrarycurvilinear.
code.tex
File: pgflibrarycurvilinear.code.tex 2023-01-15 v3.1.10 (3.1.10)
\pgf@curvilinear@time@a=\dimen198
\pgf@curvilinear@length@a=\dimen199
\pgf@curvilinear@length@b=\dimen256
\pgf@curvilinear@length@c=\dimen257
\pgf@curvilinear@length@d=\dimen258
)
\pgf@arrows@the@rigidity=\dimen259
))
(/usr/share/texlive/texmf-dist/tex/generic/pgf/frontendlayer/tikz/libraries/tik
zlibraryfpu.code.tex
(/usr/share/texlive/texmf-dist/tex/generic/pgf/libraries/pgflibraryfpu.code.tex
)) (/usr/share/texlive/texmf-dist/tex/generic/circuitikz/pgfcirc.defines.tex
\pgf@circ@count@a=\count280
\pgf@circ@count@b=\count281
\pgf@circ@count@c=\count282
\pgf@circ@res@up=\dimen260
\pgf@circ@res@down=\dimen261
\pgf@circ@res@zero=\dimen262
\pgf@circ@res@left=\dimen263
\pgf@circ@res@right=\dimen264
\pgf@circ@res@other=\dimen265
\pgf@circ@res@step=\dimen266
\pgf@circ@res@temp=\dimen267
\pgf@circ@Rlen=\dimen268
\pgf@circ@scaled@Rlen=\dimen269
\pgfstartlinewidth=\dimen270
)
(/usr/share/texlive/texmf-dist/tex/generic/circuitikz/pgfcircutils.tex
\ctikz@scratchbox=\box62
)
(/usr/share/texlive/texmf-dist/tex/generic/circuitikz/pgfcircpath.tex)
(/usr/share/texlive/texmf-dist/tex/generic/circuitikz/pgfcircshapes.tex)
(/usr/share/texlive/texmf-dist/tex/generic/circuitikz/pgfcircmonopoles.tex)
(/usr/share/texlive/texmf-dist/tex/generic/circuitikz/pgfcircbipoles.tex)
(/usr/share/texlive/texmf-dist/tex/generic/circuitikz/pgfcirctripoles.tex
\pgf@circ@res@count=\count283
)
(/usr/share/texlive/texmf-dist/tex/generic/circuitikz/pgfcircquadpoles.tex)
(/usr/share/texlive/texmf-dist/tex/generic/circuitikz/pgfcircmultipoles.tex)
(/usr/share/texlive/texmf-dist/tex/generic/circuitikz/pgfcirclabel.tex)
(/usr/share/texlive/texmf-dist/tex/generic/circuitikz/pgfcircvoltage.tex
\pgfcirc@labelshift=\dimen271
)
(/usr/share/texlive/texmf-dist/tex/generic/circuitikz/pgfcirccurrent.tex)
(/usr/share/texlive/texmf-dist/tex/generic/circuitikz/pgfcircflow.tex))
(/usr/share/texlive/texmf-dist/tex/latex/pgfplots/pgfplotstable.sty
(/usr/share/texlive/texmf-dist/tex/generic/pgfplots/pgfplots.revision.tex)
Package: pgfplotstable 2021/05/15 v1.18.1 Table typesetting and Pretty-printing
 (1.18.1)

(/usr/share/texlive/texmf-dist/tex/latex/pgfplots/pgfplots.sty
(/usr/share/texlive/texmf-dist/tex/generic/pgfplots/pgfplots.revision.tex)
Package: pgfplots 2021/05/15 v1.18.1 Data Visualization (1.18.1)

(/usr/share/texlive/texmf-dist/tex/generic/pgfplots/pgfplots.code.tex
(/usr/share/texlive/texmf-dist/tex/generic/pgfplots/pgfplotscore.code.tex
\t@pgfplots@toka=\toks30
\t@pgfplots@tokb=\toks31
\t@pgfplots@tokc=\toks32
\pgfplots@tmpa=\dimen272
\c@pgfplots@coordindex=\count284
\c@pgfplots@scanlineindex=\count285

(/usr/share/texlive/texmf-dist/tex/generic/pgfplots/sys/pgfplotssysgeneric.code
.tex))
(/usr/share/texlive/texmf-dist/tex/generic/pgfplots/libs/pgfplotslibrary.code.t
ex)
(/usr/share/texlive/texmf-dist/tex/generic/pgfplots/oldpgfcompatib/pgfplotsoldp
gfsupp_loader.code.tex
Package pgfplots: loading complementary utilities for your pgf version...
\t@pgf@toka=\toks33
\t@pgf@tokb=\toks34
\t@pgf@tokc=\toks35

(/usr/share/texlive/texmf-dist/tex/generic/pgfplots/oldpgfcompatib/pgfplotsoldp
gfsupp_pgfutil-common-lists.tex))
(/usr/share/texlive/texmf-dist/tex/generic/pgfplots/util/pgfplotsutil.code.tex
(/usr/share/texlive/texmf-dist/tex/generic/pgfplots/liststructure/pgfplotslists
tructure.code.tex)
(/usr/share/texlive/texmf-dist/tex/generic/pgfplots/liststructure/pgfplotslists
tructureext.code.tex)
(/usr/share/texlive/texmf-dist/tex/generic/pgfplots/liststructure/pgfplotsarray
.code.tex
\c@pgfplotsarray@tmp=\count286
)
(/usr/share/texlive/texmf-dist/tex/generic/pgfplots/liststructure/pgfplotsmatri
x.code.tex)
(/usr/share/texlive/texmf-dist/tex/generic/pgfplots/numtable/pgfplotstableshare
d.code.tex
\c@pgfplotstable@counta=\count287
\t@pgfplotstable@a=\toks36
)
(/usr/share/texlive/texmf-dist/tex/generic/pgfplots/liststructure/pgfplotsdeque
.code.tex)
(/usr/share/texlive/texmf-dist/tex/generic/pgfplots/util/pgfplotsbinary.code.te
x
(/usr/share/texlive/texmf-dist/tex/generic/pgfplots/util/pgfplotsbinary.data.co
de.tex))
(/usr/share/texlive/texmf-dist/tex/generic/pgfplots/util/pgfplotsutil.verb.code
.tex)
(/usr/share/texlive/texmf-dist/tex/generic/pgfplots/libs/pgflibrarypgfplots.sur
fshading.code.tex
\c@pgfplotslibrarysurf@no=\count288

(/usr/share/texlive/texmf-dist/tex/generic/pgfplots/sys/pgflibrarypgfplots.surf
shading.pgfsys-xetex.def
(/usr/share/texlive/texmf-dist/tex/generic/pgfplots/sys/pgflibrarypgfplots.surf
shading.pgfsys-dvipdfmx.def
\c@pgfplotslibrarysurf@streamlen=\count289
))))
(/usr/share/texlive/texmf-dist/tex/generic/pgfplots/util/pgfplotscolormap.code.
tex
(/usr/share/texlive/texmf-dist/tex/generic/pgfplots/util/pgfplotscolor.code.tex
))
(/usr/share/texlive/texmf-dist/tex/generic/pgfplots/pgfplotsstackedplots.code.t
ex)
(/usr/share/texlive/texmf-dist/tex/generic/pgfplots/pgfplotsplothandlers.code.t
ex
(/usr/share/texlive/texmf-dist/tex/generic/pgfplots/pgfplotsmeshplothandler.cod
e.tex
(/usr/share/texlive/texmf-dist/tex/generic/pgfplots/pgfplotsmeshplotimage.code.
tex)))
(/usr/share/texlive/texmf-dist/tex/generic/pgfplots/pgfplots.scaling.code.tex)
(/usr/share/texlive/texmf-dist/tex/generic/pgfplots/pgfplotscoordprocessing.cod
e.tex)
(/usr/share/texlive/texmf-dist/tex/generic/pgfplots/pgfplots.errorbars.code.tex
) (/usr/share/texlive/texmf-dist/tex/generic/pgfplots/pgfplots.markers.code.tex
) (/usr/share/texlive/texmf-dist/tex/generic/pgfplots/pgfplotsticks.code.tex)
(/usr/share/texlive/texmf-dist/tex/generic/pgfplots/pgfplots.paths.code.tex)
(/usr/share/texlive/texmf-dist/tex/generic/pgf/frontendlayer/tikz/libraries/tik
zlibrarydecorations.code.tex
(/usr/share/texlive/texmf-dist/tex/generic/pgf/modules/pgfmoduledecorations.cod
e.tex
\pgfdecoratedcompleteddistance=\dimen273
\pgfdecoratedremainingdistance=\dimen274
\pgfdecoratedinputsegmentcompleteddistance=\dimen275
\pgfdecoratedinputsegmentremainingdistance=\dimen276
\pgf@decorate@distancetomove=\dimen277
\pgf@decorate@repeatstate=\count290
\pgfdecorationsegmentamplitude=\dimen278
\pgfdecorationsegmentlength=\dimen279
)
\tikz@lib@dec@box=\box63
)
(/usr/share/texlive/texmf-dist/tex/generic/pgf/frontendlayer/tikz/libraries/tik
zlibrarydecorations.pathmorphing.code.tex
(/usr/share/texlive/texmf-dist/tex/generic/pgf/libraries/decorations/pgflibrary
decorations.pathmorphing.code.tex))
(/usr/share/texlive/texmf-dist/tex/generic/pgf/frontendlayer/tikz/libraries/tik
zlibrarydecorations.pathreplacing.code.tex
(/usr/share/texlive/texmf-dist/tex/generic/pgf/libraries/decorations/pgflibrary
decorations.pathreplacing.code.tex))
(/usr/share/texlive/texmf-dist/tex/generic/pgfplots/libs/tikzlibrarypgfplots.co
ntourlua.code.tex)
\pgfplots@numplots=\count291
\pgfplots@xmin@reg=\dimen280
\pgfplots@xmax@reg=\dimen281
\pgfplots@ymin@reg=\dimen282
\pgfplots@ymax@reg=\dimen283
\pgfplots@zmin@reg=\dimen284
\pgfplots@zmax@reg=\dimen285
)
(/usr/share/texlive/texmf-dist/tex/generic/pgf/frontendlayer/tikz/libraries/tik
zlibraryplotmarks.code.tex
File: tikzlibraryplotmarks.code.tex 2023-01-15 v3.1.10 (3.1.10)

(/usr/share/texlive/texmf-dist/tex/generic/pgf/libraries/pgflibraryplotmarks.co
de.tex
File: pgflibraryplotmarks.code.tex 2023-01-15 v3.1.10 (3.1.10)
)))
(/usr/share/texlive/texmf-dist/tex/generic/pgfplots/numtable/pgfplotstable.code
.tex
(/usr/share/texlive/texmf-dist/tex/generic/pgfplots/numtable/pgfplotstable.colt
ype.code.tex)) (/usr/share/texlive/texmf-dist/tex/latex/tools/array.sty
Package: array 2023/10/16 v2.5g Tabular extension package (FMi)
\col@sep=\dimen286
\ar@mcellbox=\box64
\extrarowheight=\dimen287
\NC@list=\toks37
\extratabsurround=\skip50
\backup@length=\skip51
\ar@cellbox=\box65
))
(/usr/share/texlive/texmf-dist/tex/latex/tikz-3dplot/tikz-3dplot.sty
(/usr/share/texlive/texmf-dist/tex/latex/base/ifthen.sty
Package: ifthen 2022/04/13 v1.1d Standard LaTeX ifthen package (DPC)
)
(/usr/share/texlive/texmf-dist/tex/generic/pgf/frontendlayer/tikz/libraries/tik
zlibrary3d.code.tex
File: tikzlibrary3d.code.tex 2023-01-15 v3.1.10 (3.1.10)
)
(/usr/share/texlive/texmf-dist/tex/generic/pgf/frontendlayer/tikz/libraries/tik
zlibraryarrows.code.tex
File: tikzlibraryarrows.code.tex 2023-01-15 v3.1.10 (3.1.10)

(/usr/share/texlive/texmf-dist/tex/generic/pgf/libraries/pgflibraryarrows.code.
tex
File: pgflibraryarrows.code.tex 2023-01-15 v3.1.10 (3.1.10)
\arrowsize=\dimen288
)))
(/usr/share/texlive/texmf-dist/tex/generic/pgfplots/libs/tikzlibrarypgfplots.un
its.code.tex)
(/usr/share/texlive/texmf-dist/tex/generic/pgfplots/libs/tikzlibrarypgfplots.po
lar.code.tex) (/usr/share/texlive/texmf-dist/tex/latex/oberdiek/ifdraft.sty
Package: ifdraft 2016/05/16 v1.4 Detect class options draft and final (HO)
)
(/usr/share/texlive/texmf-dist/tex/latex/tools/multicol.sty
Package: multicol 2023/03/30 v1.9f multicolumn formatting (FMi)
\c@tracingmulticols=\count292
\mult@box=\box66
\multicol@leftmargin=\dimen289
\c@unbalance=\count293
\c@collectmore=\count294
\doublecol@number=\count295
\multicoltolerance=\count296
\multicolpretolerance=\count297
\full@width=\dimen290
\page@free=\dimen291
\premulticols=\dimen292
\postmulticols=\dimen293
\multicolsep=\skip52
\multicolbaselineskip=\skip53
\partial@page=\box67
\last@line=\box68
\mc@boxedresult=\box69
\maxbalancingoverflow=\dimen294
\mult@rightbox=\box70
\mult@grightbox=\box71
\mult@firstbox=\box72
\mult@gfirstbox=\box73
\@tempa=\box74
\@tempa=\box75
\@tempa=\box76
\@tempa=\box77
\@tempa=\box78
\@tempa=\box79
\@tempa=\box80
\@tempa=\box81
\@tempa=\box82
\@tempa=\box83
\@tempa=\box84
\@tempa=\box85
\@tempa=\box86
\@tempa=\box87
\@tempa=\box88
\@tempa=\box89
\@tempa=\box90
\@tempa=\box91
\@tempa=\box92
\@tempa=\box93
\@tempa=\box94
\@tempa=\box95
\@tempa=\box96
\@tempa=\box97
\@tempa=\box98
\@tempa=\box99
\@tempa=\box100
\@tempa=\box101
\@tempa=\box102
\@tempa=\box103
\@tempa=\box104
\@tempa=\box105
\@tempa=\box106
\@tempa=\box107
\@tempa=\box108
\@tempa=\box109
\c@minrows=\count298
\c@columnbadness=\count299
\c@finalcolumnbadness=\count300
\last@try=\dimen295
\multicolovershoot=\dimen296
\multicolundershoot=\dimen297
\mult@nat@firstbox=\box110
\colbreak@box=\box111
\mc@col@check@num=\count301
)
(/usr/share/texlive/texmf-dist/tex/latex/tools/enumerate.sty
Package: enumerate 2023/07/04 v3.00 enumerate extensions (DPC)
\@enLab=\toks38
)
(/usr/share/texlive/texmf-dist/tex/generic/pgf/frontendlayer/tikz/libraries/tik
zlibraryshapes.code.tex
File: tikzlibraryshapes.code.tex 2023-01-15 v3.1.10 (3.1.10)

(/usr/share/texlive/texmf-dist/tex/generic/pgf/frontendlayer/tikz/libraries/tik
zlibraryshapes.geometric.code.tex
File: tikzlibraryshapes.geometric.code.tex 2023-01-15 v3.1.10 (3.1.10)

(/usr/share/texlive/texmf-dist/tex/generic/pgf/libraries/shapes/pgflibraryshape
s.geometric.code.tex
File: pgflibraryshapes.geometric.code.tex 2023-01-15 v3.1.10 (3.1.10)
))
(/usr/share/texlive/texmf-dist/tex/generic/pgf/frontendlayer/tikz/libraries/tik
zlibraryshapes.misc.code.tex
File: tikzlibraryshapes.misc.code.tex 2023-01-15 v3.1.10 (3.1.10)

(/usr/share/texlive/texmf-dist/tex/generic/pgf/libraries/shapes/pgflibraryshape
s.misc.code.tex
File: pgflibraryshapes.misc.code.tex 2023-01-15 v3.1.10 (3.1.10)
))
(/usr/share/texlive/texmf-dist/tex/generic/pgf/frontendlayer/tikz/libraries/tik
zlibraryshapes.symbols.code.tex
File: tikzlibraryshapes.symbols.code.tex 2023-01-15 v3.1.10 (3.1.10)

(/usr/share/texlive/texmf-dist/tex/generic/pgf/libraries/shapes/pgflibraryshape
s.symbols.code.tex
File: pgflibraryshapes.symbols.code.tex 2023-01-15 v3.1.10 (3.1.10)
))
(/usr/share/texlive/texmf-dist/tex/generic/pgf/frontendlayer/tikz/libraries/tik
zlibraryshapes.arrows.code.tex
File: tikzlibraryshapes.arrows.code.tex 2023-01-15 v3.1.10 (3.1.10)

(/usr/share/texlive/texmf-dist/tex/generic/pgf/libraries/shapes/pgflibraryshape
s.arrows.code.tex
File: pgflibraryshapes.arrows.code.tex 2023-01-15 v3.1.10 (3.1.10)
))
(/usr/share/texlive/texmf-dist/tex/generic/pgf/frontendlayer/tikz/libraries/tik
zlibraryshapes.callouts.code.tex
(/usr/share/texlive/texmf-dist/tex/generic/pgf/libraries/shapes/pgflibraryshape
s.callouts.code.tex))
(/usr/share/texlive/texmf-dist/tex/generic/pgf/frontendlayer/tikz/libraries/tik
zlibraryshapes.multipart.code.tex
File: tikzlibraryshapes.multipart.code.tex 2023-01-15 v3.1.10 (3.1.10)

(/usr/share/texlive/texmf-dist/tex/generic/pgf/libraries/shapes/pgflibraryshape
s.multipart.code.tex
File: pgflibraryshapes.multipart.code.tex 2023-01-15 v3.1.10 (3.1.10)
\pgfnodepartlowerbox=\box112
\pgfnodeparttwobox=\box113
\pgfnodepartthreebox=\box114
\pgfnodepartfourbox=\box115
\pgfnodeparttwentybox=\box116
\pgfnodepartnineteenbox=\box117
\pgfnodeparteighteenbox=\box118
\pgfnodepartseventeenbox=\box119
\pgfnodepartsixteenbox=\box120
\pgfnodepartfifteenbox=\box121
\pgfnodepartfourteenbox=\box122
\pgfnodepartthirteenbox=\box123
\pgfnodeparttwelvebox=\box124
\pgfnodepartelevenbox=\box125
\pgfnodeparttenbox=\box126
\pgfnodepartninebox=\box127
\pgfnodeparteightbox=\box128
\pgfnodepartsevenbox=\box129
\pgfnodepartsixbox=\box130
\pgfnodepartfivebox=\box131
)))
(/usr/share/texlive/texmf-dist/tex/generic/pgf/frontendlayer/tikz/libraries/tik
zlibrarysnakes.code.tex
File: tikzlibrarysnakes.code.tex 2023-01-15 v3.1.10 (3.1.10)


Package pgf Warning: Snakes have been superseded by decorations. Please use the
 decoration libraries instead of the snakes library on input line 14.


(/usr/share/texlive/texmf-dist/tex/generic/pgf/frontendlayer/tikz/libraries/tik
zlibrarydecorations.shapes.code.tex
(/usr/share/texlive/texmf-dist/tex/generic/pgf/libraries/decorations/pgflibrary
decorations.shapes.code.tex)))
(/usr/share/texlive/texmf-dist/tex/generic/pgf/frontendlayer/tikz/libraries/tik
zlibraryshadings.code.tex
File: tikzlibraryshadings.code.tex 2023-01-15 v3.1.10 (3.1.10)

(/usr/share/texlive/texmf-dist/tex/generic/pgf/libraries/pgflibraryshadings.cod
e.tex
File: pgflibraryshadings.code.tex 2023-01-15 v3.1.10 (3.1.10)
))
(/usr/share/texlive/texmf-dist/tex/generic/pgf/frontendlayer/tikz/libraries/tik
zlibraryfadings.code.tex
File: tikzlibraryfadings.code.tex 2023-01-15 v3.1.10 (3.1.10)

(/usr/share/texlive/texmf-dist/tex/generic/pgf/libraries/pgflibraryfadings.code
.tex
File: pgflibraryfadings.code.tex 2023-01-15 v3.1.10 (3.1.10)
))
(/usr/share/texlive/texmf-dist/tex/generic/pgf/frontendlayer/tikz/libraries/tik
zlibraryintersections.code.tex
(/usr/share/texlive/texmf-dist/tex/generic/pgf/libraries/pgflibraryintersection
s.code.tex
\pgf@intersect@solutions=\count302
))
(/usr/share/texlive/texmf-dist/tex/generic/pgf/frontendlayer/tikz/libraries/tik
zlibrarydecorations.markings.code.tex
(/usr/share/texlive/texmf-dist/tex/generic/pgf/libraries/decorations/pgflibrary
decorations.markings.code.tex))
(/usr/share/texlive/texmf-dist/tex/latex/pgf/frontendlayer/libraries/tikzlibrar
yexternal.code.tex
(/usr/share/texlive/texmf-dist/tex/generic/pdftexcmds/pdftexcmds.sty
Package: pdftexcmds 2020-06-27 v0.33 Utility functions of pdfTeX for LuaTeX (HO
)

(/usr/share/texlive/texmf-dist/tex/generic/infwarerr/infwarerr.sty
Package: infwarerr 2019/12/03 v1.5 Providing info/warning/error messages (HO)
)
(/usr/share/texlive/texmf-dist/tex/generic/iftex/iftex.sty
Package: iftex 2022/02/03 v1.0f TeX engine tests
)
(/usr/share/texlive/texmf-dist/tex/generic/ltxcmds/ltxcmds.sty
Package: ltxcmds 2023-12-04 v1.26 LaTeX kernel commands for general use (HO)
)
Package pdftexcmds Info: \pdf@primitive is available.
Package pdftexcmds Info: \pdf@ifprimitive is available.
Package pdftexcmds Info: \pdfdraftmode not found.
)
(/usr/share/texlive/texmf-dist/tex/latex/base/atveryend-ltx.sty
Package: atveryend-ltx 2020/08/19 v1.0a Emulation of the original atveryend pac
kage
with kernel methods
)
(/usr/share/texlive/texmf-dist/tex/generic/pgf/frontendlayer/tikz/libraries/tik
zexternalshared.code.tex))
(/usr/share/texlive/texmf-dist/tex/generic/pgf/frontendlayer/tikz/libraries/tik
zlibrarypatterns.code.tex
File: tikzlibrarypatterns.code.tex 2023-01-15 v3.1.10 (3.1.10)

(/usr/share/texlive/texmf-dist/tex/generic/pgf/libraries/pgflibrarypatterns.cod
e.tex
File: pgflibrarypatterns.code.tex 2023-01-15 v3.1.10 (3.1.10)
))
(/usr/share/texlive/texmf-dist/tex/generic/pgf/frontendlayer/tikz/libraries/tik
zlibrarymatrix.code.tex
File: tikzlibrarymatrix.code.tex 2023-01-15 v3.1.10 (3.1.10)
)
(/usr/share/texlive/texmf-dist/tex/latex/koma-script/scrextend.sty
Package: scrextend 2023/07/07 v3.41 KOMA-Script package (extend other classes w
ith features of KOMA-Script classes)

(/usr/share/texlive/texmf-dist/tex/latex/koma-script/scrkbase.sty
Package: scrkbase 2023/07/07 v3.41 KOMA-Script package (KOMA-Script-dependent b
asics and keyval usage)

(/usr/share/texlive/texmf-dist/tex/latex/koma-script/scrbase.sty
Package: scrbase 2023/07/07 v3.41 KOMA-Script package (KOMA-Script-independent 
basics and keyval usage)

(/usr/share/texlive/texmf-dist/tex/latex/koma-script/scrlfile.sty
Package: scrlfile 2023/07/07 v3.41 KOMA-Script package (file load hooks)

(/usr/share/texlive/texmf-dist/tex/latex/koma-script/scrlfile-hook.sty
Package: scrlfile-hook 2023/07/07 v3.41 KOMA-Script package (using LaTeX hooks)


(/usr/share/texlive/texmf-dist/tex/latex/koma-script/scrlogo.sty
Package: scrlogo 2023/07/07 v3.41 KOMA-Script package (logo)
)))
Applying: [2021/05/01] Usage of raw or classic option list on input line 252.
Already applied: [0000/00/00] Usage of raw or classic option list on input line
 368.
)))
(/usr/share/texlive/texmf-dist/tex/latex/amsmath/amsbsy.sty
Package: amsbsy 1999/11/29 v1.2d Bold Symbols

(/usr/share/texlive/texmf-dist/tex/latex/amsmath/amsgen.sty
File: amsgen.sty 1999/11/30 v2.0 generic functions
\@emptytoks=\toks39
\ex@=\dimen298
)
\pmbraise@=\dimen299
)
(/usr/share/texlive/texmf-dist/tex/latex/jknapltx/mathrsfs.sty
Package: mathrsfs 1996/01/01 Math RSFS package v1.0 (jk)
\symrsfs=\mathgroup4
)
(/usr/share/texlive/texmf-dist/tex/latex/ieeetran/IEEEtrantools.sty
Package: IEEEtrantools 2015/08/26 V1.5 by Michael Shell

-- See the "IEEEtrantools_doc.txt" manual for usage information.
-- http://www.michaelshell.org/tex/ieeetran/tools/
\@IEEEtrantmpdimenA=\dimen300
\@IEEEtrantmpdimenB=\dimen301
\@IEEEtrantmpdimenC=\dimen302
\@IEEEtrantmpcountA=\count303
\@IEEEtrantmpcountB=\count304
\@IEEEtrantmpcountC=\count305
\@IEEEtrantmptoksA=\toks40
\IEEEnormaljot=\dimen303
\IEEEquantizedlength=\dimen304
\IEEEquantizedlengthdiff=\dimen305
\IEEEquantizedtextheightdiff=\dimen306
\IEEEilabelindentA=\dimen307
\IEEEilabelindentB=\dimen308
\IEEEilabelindent=\dimen309
\IEEEelabelindent=\dimen310
\IEEEdlabelindent=\dimen311
\IEEElabelindent=\dimen312
\IEEEiednormlabelsep=\dimen313
\IEEEiedmathlabelsep=\dimen314
\IEEEiedtopsep=\skip54
\c@IEEEsubequation=\count306
\@IEEEeqnnumcols=\count307
\@IEEEeqncolcnt=\count308
\@IEEEsubeqnnumrollback=\count309
\IEEEPARstartletwidth=\dimen315
) (/usr/share/texlive/texmf-dist/tex/latex/multirow/multirow.sty
Package: multirow 2021/03/15 v2.8 Span multiple rows of a table
\multirow@colwidth=\skip55
\multirow@cntb=\count310
\multirow@dima=\skip56
\bigstrutjot=\dimen316
)
(/usr/share/texlive/texmf-dist/tex/latex/ifsym/ifsym.sty
Package: ifsym 2000/04/18 I.Kloeckl

(/usr/share/texlive/texmf-dist/tex/latex/tools/calc.sty
Package: calc 2023/07/08 v4.3 Infix arithmetic (KKT,FJ)
\calc@Acount=\count311
\calc@Bcount=\count312
\calc@Adimen=\dimen317
\calc@Bdimen=\dimen318
\calc@Askip=\skip57
\calc@Bskip=\skip58
LaTeX Info: Redefining \setlength on input line 80.
LaTeX Info: Redefining \addtolength on input line 81.
\calc@Ccount=\count313
\calc@Cskip=\skip59
)
\c@ifsymcnt=\count314
)
(./tex/khalidUrduBooks.sty

LaTeX Warning: You have requested package `./tex/khalidUrduBooks',
               but the package provides `khalidUrduBooks'.

Package: khalidUrduBooks 
(/usr/share/texlive/texmf-dist/tex/latex/fontspec/fontspec.sty
(/usr/share/texlive/texmf-dist/tex/latex/l3packages/xparse/xparse.sty
(/usr/share/texlive/texmf-dist/tex/latex/l3kernel/expl3.sty
Package: expl3 2024-01-22 L3 programming layer (loader) 

(/usr/share/texlive/texmf-dist/tex/latex/l3backend/l3backend-xetex.def
File: l3backend-xetex.def 2024-01-04 L3 backend support: XeTeX
\g__graphics_track_int=\count315
\l__pdf_internal_box=\box132
\g__pdf_backend_object_int=\count316
\g__pdf_backend_annotation_int=\count317
\g__pdf_backend_link_int=\count318
))
Package: xparse 2023-10-10 L3 Experimental document command parser
)
Package: fontspec 2022/01/15 v2.8a Font selection for XeLaTeX and LuaLaTeX

(/usr/share/texlive/texmf-dist/tex/latex/fontspec/fontspec-xetex.sty
Package: fontspec-xetex 2022/01/15 v2.8a Font selection for XeLaTeX and LuaLaTe
X
\l__fontspec_script_int=\count319
\l__fontspec_language_int=\count320
\l__fontspec_strnum_int=\count321
\l__fontspec_tmp_int=\count322
\l__fontspec_tmpa_int=\count323
\l__fontspec_tmpb_int=\count324
\l__fontspec_tmpc_int=\count325
\l__fontspec_em_int=\count326
\l__fontspec_emdef_int=\count327
\l__fontspec_strong_int=\count328
\l__fontspec_strongdef_int=\count329
\l__fontspec_tmpa_dim=\dimen319
\l__fontspec_tmpb_dim=\dimen320
\l__fontspec_tmpc_dim=\dimen321

(/usr/share/texlive/texmf-dist/tex/latex/base/fontenc.sty
Package: fontenc 2021/04/29 v2.0v Standard LaTeX package
)
(/usr/share/texlive/texmf-dist/tex/latex/fontspec/fontspec.cfg)))
(/usr/share/texlive/texmf-dist/tex/latex/base/makeidx.sty
Package: makeidx 2021/10/04 v1.0m Standard LaTeX package
)
(/usr/share/texlive/texmf-dist/tex/latex/amsmath/amsmath.sty
Package: amsmath 2023/05/13 v2.17o AMS math features
\@mathmargin=\skip60

For additional information on amsmath, use the `?' option.
(/usr/share/texlive/texmf-dist/tex/latex/amsmath/amstext.sty
Package: amstext 2021/08/26 v2.01 AMS text
)
(/usr/share/texlive/texmf-dist/tex/latex/amsmath/amsopn.sty
Package: amsopn 2022/04/08 v2.04 operator names
)
\inf@bad=\count330
LaTeX Info: Redefining \frac on input line 234.
\uproot@=\count331
\leftroot@=\count332
LaTeX Info: Redefining \overline on input line 399.
LaTeX Info: Redefining \colon on input line 410.
\classnum@=\count333
\DOTSCASE@=\count334
LaTeX Info: Redefining \ldots on input line 496.
LaTeX Info: Redefining \dots on input line 499.
LaTeX Info: Redefining \cdots on input line 620.
\Mathstrutbox@=\box133
\strutbox@=\box134
LaTeX Info: Redefining \big on input line 722.
LaTeX Info: Redefining \Big on input line 723.
LaTeX Info: Redefining \bigg on input line 724.
LaTeX Info: Redefining \Bigg on input line 725.
\big@size=\dimen322
LaTeX Font Info:    Redeclaring font encoding OML on input line 743.
LaTeX Font Info:    Redeclaring font encoding OMS on input line 744.
\macc@depth=\count335
LaTeX Info: Redefining \bmod on input line 905.
LaTeX Info: Redefining \pmod on input line 910.
LaTeX Info: Redefining \smash on input line 940.
LaTeX Info: Redefining \relbar on input line 970.
LaTeX Info: Redefining \Relbar on input line 971.
\c@MaxMatrixCols=\count336
\dotsspace@=\muskip16
\c@parentequation=\count337
\dspbrk@lvl=\count338
\tag@help=\toks41
\row@=\count339
\column@=\count340
\maxfields@=\count341
\andhelp@=\toks42
\eqnshift@=\dimen323
\alignsep@=\dimen324
\tagshift@=\dimen325
\tagwidth@=\dimen326
\totwidth@=\dimen327
\lineht@=\dimen328
\@envbody=\toks43
\multlinegap=\skip61
\multlinetaggap=\skip62
\mathdisplay@stack=\toks44
LaTeX Info: Redefining \[ on input line 2953.
LaTeX Info: Redefining \] on input line 2954.
)
(/usr/share/texlive/texmf-dist/tex/latex/amsfonts/amssymb.sty
Package: amssymb 2013/01/14 v3.01 AMS font symbols

(/usr/share/texlive/texmf-dist/tex/latex/amsfonts/amsfonts.sty
Package: amsfonts 2013/01/14 v3.01 Basic AMSFonts support
\symAMSa=\mathgroup5
\symAMSb=\mathgroup6
LaTeX Font Info:    Redeclaring math symbol \hbar on input line 98.
LaTeX Font Info:    Overwriting math alphabet `\mathfrak' in version `bold'
(Font)                  U/euf/m/n --> U/euf/b/n on input line 106.
))
(/usr/share/texlive/texmf-dist/tex/latex/amscls/amsthm.sty
Package: amsthm 2020/05/29 v2.20.6
\thm@style=\toks45
\thm@bodyfont=\toks46
\thm@headfont=\toks47
\thm@notefont=\toks48
\thm@headpunct=\toks49
\thm@preskip=\skip63
\thm@postskip=\skip64
\thm@headsep=\skip65
\dth@everypar=\toks50
)
(/usr/share/texlive/texmf-dist/tex/latex/mathtools/mathtools.sty
Package: mathtools 2022/06/29 v1.29 mathematical typesetting tools

(/usr/share/texlive/texmf-dist/tex/latex/mathtools/mhsetup.sty
Package: mhsetup 2021/03/18 v1.4 programming setup (MH)
)
\g_MT_multlinerow_int=\count342
\l_MT_multwidth_dim=\dimen329
\origjot=\skip66
\l_MT_shortvdotswithinadjustabove_dim=\dimen330
\l_MT_shortvdotswithinadjustbelow_dim=\dimen331
\l_MT_above_intertext_sep=\dimen332
\l_MT_below_intertext_sep=\dimen333
\l_MT_above_shortintertext_sep=\dimen334
\l_MT_below_shortintertext_sep=\dimen335
\xmathstrut@box=\box135
\xmathstrut@dim=\dimen336
)
(/usr/share/texlive/texmf-dist/tex/latex/commath/commath.sty
Invalid UTF-8 byte or sequence at line 6 replaced by U+FFFD.
Invalid UTF-8 byte or sequence at line 9 replaced by U+FFFD.
)
(/usr/share/texlive/texmf-dist/tex/latex/tools/bm.sty
Package: bm 2023/07/08 v1.2f Bold Symbol Support (DPC/FMi)
\symboldoperators=\mathgroup7
\symboldletters=\mathgroup8
\symboldsymbols=\mathgroup9
Package bm Info: No bold for \OMX/cmex/m/n, using \pmb.
Package bm Info: No bold for \U/rsfs/m/n, using \pmb.
Package bm Info: No bold for \U/msa/m/n, using \pmb.
Package bm Info: No bold for \U/msb/m/n, using \pmb.
LaTeX Font Info:    Redeclaring math alphabet \mathbf on input line 149.
)
(/usr/share/texlive/texmf-dist/tex/latex/lineno/lineno.sty
Package: lineno 2023/05/20 line numbers on paragraphs v5.3

(/usr/share/texlive/texmf-dist/tex/latex/etoolbox/etoolbox.sty
Package: etoolbox 2020/10/05 v2.5k e-TeX tools for LaTeX (JAW)
\etb@tempcnta=\count343
)
Invalid UTF-8 byte or sequence at line 292 replaced by U+FFFD.

(/usr/share/texlive/texmf-dist/tex/latex/kvoptions/kvoptions.sty
Package: kvoptions 2022-06-15 v3.15 Key value format for package options (HO)

(/usr/share/texlive/texmf-dist/tex/latex/kvsetkeys/kvsetkeys.sty
Package: kvsetkeys 2022-10-05 v1.19 Key value parser (HO)
))
\linenopenalty=\count344
\output=\toks51
\linenoprevgraf=\count345
\linenumbersep=\dimen337
\linenumberwidth=\dimen338
\c@linenumber=\count346
\c@pagewiselinenumber=\count347
\c@LN@truepage=\count348
\c@internallinenumber=\count349
\c@internallinenumbers=\count350
\quotelinenumbersep=\dimen339
\bframerule=\dimen340
\bframesep=\dimen341
\bframebox=\box136
\linenoamsmath@ams@eqpen=\count351
LaTeX Info: Redefining \\ on input line 3180.
)
(/usr/share/texlive/texmf-dist/tex/latex/cancel/cancel.sty
Package: cancel 2013/04/12 v2.2 Cancel math terms
)
(/usr/share/texlive/texmf-dist/tex/latex/psnfss/mathpazo.sty
Package: mathpazo 2020/03/25 PSNFSS-v9.3 Palatino w/ Pazo Math (D.Puga, WaS) 
\symupright=\mathgroup10
)
(/usr/share/texlive/texmf-dist/tex/latex/booktabs/booktabs.sty
Package: booktabs 2020/01/12 v1.61803398 Publication quality tables
\heavyrulewidth=\dimen342
\lightrulewidth=\dimen343
\cmidrulewidth=\dimen344
\belowrulesep=\dimen345
\belowbottomsep=\dimen346
\aboverulesep=\dimen347
\abovetopsep=\dimen348
\cmidrulesep=\dimen349
\cmidrulekern=\dimen350
\defaultaddspace=\dimen351
\@cmidla=\count352
\@cmidlb=\count353
\@aboverulesep=\dimen352
\@belowrulesep=\dimen353
\@thisruleclass=\count354
\@lastruleclass=\count355
\@thisrulewidth=\dimen354
)
(/usr/share/texlive/texmf-dist/tex/latex/parskip/parskip.sty
Package: parskip 2021-03-14 v2.0h non-zero parskip adjustments
)
(/usr/share/texlive/texmf-dist/tex/latex/footmisc/footmisc.sty
Package: footmisc 2023/07/05 v6.0f a miscellany of footnote facilities
\FN@temptoken=\toks52
\footnotemargin=\dimen355
\@outputbox@depth=\dimen356
Package footmisc Info: Declaring symbol style bringhurst on input line 696.
Package footmisc Info: Declaring symbol style chicago on input line 704.
Package footmisc Info: Declaring symbol style wiley on input line 713.
Package footmisc Info: Declaring symbol style lamport-robust on input line 724.

Package footmisc Info: Declaring symbol style lamport* on input line 744.
Package footmisc Info: Declaring symbol style lamport*-robust on input line 765
.
)
(/usr/share/texlive/texmf-dist/tex/latex/siunitx/siunitx.sty
Package: siunitx 2024-01-25 v3.3.10 A comprehensive (SI) units package
\l__siunitx_number_uncert_offset_int=\count356
\l__siunitx_number_exponent_fixed_int=\count357
\l__siunitx_number_min_decimal_int=\count358
\l__siunitx_number_min_integer_int=\count359
\l__siunitx_number_round_precision_int=\count360
\l__siunitx_number_lower_threshold_int=\count361
\l__siunitx_number_upper_threshold_int=\count362
\l__siunitx_number_group_first_int=\count363
\l__siunitx_number_group_size_int=\count364
\l__siunitx_number_group_minimum_int=\count365
\l__siunitx_angle_tmp_dim=\dimen357
\l__siunitx_angle_marker_box=\box137
\l__siunitx_angle_unit_box=\box138
\l__siunitx_compound_count_int=\count366

(/usr/share/texlive/texmf-dist/tex/latex/translations/translations.sty
Package: translations 2022/02/05 v1.12 internationalization of LaTeX2e packages
 (CN)
)
\l__siunitx_table_tmp_box=\box139
\l__siunitx_table_tmp_dim=\dimen358
\l__siunitx_table_column_width_dim=\dimen359
\l__siunitx_table_integer_box=\box140
\l__siunitx_table_decimal_box=\box141
\l__siunitx_table_uncert_box=\box142
\l__siunitx_table_before_box=\box143
\l__siunitx_table_after_box=\box144
\l__siunitx_table_before_dim=\dimen360
\l__siunitx_table_carry_dim=\dimen361
\l__siunitx_unit_tmp_int=\count367
\l__siunitx_unit_position_int=\count368
\l__siunitx_unit_total_int=\count369
)

Package siunitx Info: Option "input-symbols" has been deprecated in this
(siunitx)             release.
(siunitx)             
(siunitx)             Use "input-digits" as a replacement.


(/usr/share/texlive/texmf-dist/tex/latex/steinmetz/steinmetz.sty
Package: steinmetz 2009/06/14 v1.0 Steinmetz symbol for electrotechnics

(/usr/share/texlive/texmf-dist/tex/latex/pict2e/pict2e.sty
Package: pict2e 2020/09/30 v0.4b Improved picture commands (HjG,RN,JT)

(/usr/share/texlive/texmf-dist/tex/latex/pict2e/pict2e.cfg
File: pict2e.cfg 2016/02/05 v0.1u pict2e configuration for teTeX/TeXLive
)
Package pict2e Info: Driver file: xetex.def on input line 112.
Package pict2e Info: Driver file for pict2e: p2e-xetex.def on input line 114.

(/usr/share/texlive/texmf-dist/tex/latex/pict2e/p2e-xetex.def
File: p2e-xetex.def 2016/02/05 v0.1u Driver-dependant file (RN,HjG,JT)
)
\pIIe@GRAPH=\toks53
\@arclen=\dimen362
\@arcrad=\dimen363
\pIIe@tempdima=\dimen364
\pIIe@tempdimb=\dimen365
\pIIe@tempdimc=\dimen366
\pIIe@tempdimd=\dimen367
\pIIe@tempdime=\dimen368
\pIIe@tempdimf=\dimen369
)
\stm@phasebox=\box145
\stm@phasedp=\skip67
\stm@phaseht=\skip68
\stm@phasetot=\skip69
\stm@phasewd=\skip70
)
(/usr/share/texlive/texmf-dist/tex/latex/mhchem/mhchem.sty
Package: mhchem 2024/01/29 v4.10 for typesetting chemical formulae

(/usr/share/texlive/texmf-dist/tex/latex/l3packages/l3keys2e/l3keys2e.sty
Package: l3keys2e 2023-10-10 LaTeX2e option processing using LaTeX3 keys
)
(/usr/share/texlive/texmf-dist/tex/latex/chemgreek/chemgreek.sty
Package: chemgreek 2020/01/16 v1.1a interface for upright Greek letters for use
 in chemistry (CN)
\l__chemgreek_tmpa_int=\count370
\g__chemgreek_tmpa_int=\count371
)
\l__mhchem_ce_distanceFromLastComma_int=\count372
\__mhchem_arrow_extPgfLength_skip=\skip71
\mhchem@minispace@tmp=\skip72
\mhchem@minibackspace@tmp=\skip73
\mhchem@bondwidth=\skip74
\mhchem@bondheight=\skip75
\mhchem@smallbondwidth@tmpA=\skip76
\mhchem@smallbondwidth@tmpB=\skip77
\mhchem@smallbondwidth=\skip78
\mhchem@bondtmp@minussidebearingleft=\skip79
\mhchem@bondtmp@minussidebearingright=\skip80
\l__mhchem_option_version_int=\count373
\mhchem@option@minusmathsidebearingleft=\dimen370
\mhchem@option@minusmathsidebearingright=\dimen371
\mhchem@option@minustextsidebearingleft=\dimen372
\mhchem@option@minustextsidebearingright=\dimen373
)
(/usr/share/texlive/texmf-dist/tex/latex/geometry/geometry.sty
Package: geometry 2020/01/02 v5.9 Page Geometry

(/usr/share/texlive/texmf-dist/tex/generic/iftex/ifvtex.sty
Package: ifvtex 2019/10/25 v1.7 ifvtex legacy package. Use iftex instead.
)
\Gm@cnth=\count374
\Gm@cntv=\count375
\c@Gm@tempcnt=\count376
\Gm@bindingoffset=\dimen374
\Gm@wd@mp=\dimen375
\Gm@odd@mp=\dimen376
\Gm@even@mp=\dimen377
\Gm@layoutwidth=\dimen378
\Gm@layoutheight=\dimen379
\Gm@layouthoffset=\dimen380
\Gm@layoutvoffset=\dimen381
\Gm@dimlist=\toks54
)
(/usr/share/texlive/texmf-dist/tex/latex/placeins/placeins.sty
Package: placeins 2005/04/18  v 2.2
)
(/usr/share/texlive/texmf-dist/tex/latex/caption/caption.sty
Package: caption 2023/08/05 v3.6o Customizing captions (AR)

(/usr/share/texlive/texmf-dist/tex/latex/caption/caption3.sty
Package: caption3 2023/07/31 v2.4d caption3 kernel (AR)
\caption@tempdima=\dimen382
\captionmargin=\dimen383
\caption@leftmargin=\dimen384
\caption@rightmargin=\dimen385
\caption@width=\dimen386
\caption@indent=\dimen387
\caption@parindent=\dimen388
\caption@hangindent=\dimen389
Package caption Info: Standard document class detected.
)
\c@caption@flags=\count377
\c@continuedfloat=\count378
Package caption Info: scrextend package is loaded.
\caption@addmargin@hsize=\dimen390
\caption@addmargin@linewidth=\dimen391
)
(/usr/share/texlive/texmf-dist/tex/latex/caption/subcaption.sty
Package: subcaption 2023/07/28 v1.6b Sub-captions (AR)
Package caption Info: New subtype `subfigure' on input line 238.
\c@subfigure=\count379
Package caption Info: New subtype `subtable' on input line 238.
\c@subtable=\count380
)
(/usr/share/texlive/texmf-dist/tex/latex/polyglossia/polyglossia.sty
Package: polyglossia 2023/12/11 v1.66 Modern multilingual typesetting with XeLa
TeX and LuaLaTeX

(/usr/share/texlive/texmf-dist/tex/latex/xkeyval/xkeyval.sty
Package: xkeyval 2022/06/16 v2.9 package option processing (HA)

(/usr/share/texlive/texmf-dist/tex/generic/xkeyval/xkeyval.tex
(/usr/share/texlive/texmf-dist/tex/generic/xkeyval/xkvutils.tex
\XKV@toks=\toks55
\XKV@tempa@toks=\toks56
)
\XKV@depth=\count381
File: xkeyval.tex 2014/12/03 v2.7a key=value parser (HA)
))
\xpg@normalclass=\XeTeXcharclass1

(/usr/share/texlive/texmf-dist/tex/latex/polyglossia/gloss-latex.lde
Package: gloss-latex 2023/12/11 v1.66 polyglossia: module for default language
)
Package polyglossia Info: Default language is latex.
)
(/usr/share/texlive/texmf-dist/tex/latex/polyglossia/gloss-urdu.ldf
File: gloss-urdu.ldf polyglossia: module for Urdu

(/usr/share/texlive/texmf-dist/tex/xelatex/bidi/bidi.sty
Package: bidi 2023/08/02 v39.8 (Release Donald Ervin Knuth) Bidirectional types
etting in plain TeX and LaTeX

****************************************************
* 
* bidi package (Bidirectional typesetting in
* plain TeX and LaTeX, using XeTeX engine)
* 
* Description: A convenient interface for
* typesetting bidirectional texts in plain TeX
* and LaTeX. The package includes adaptations
* for use with many other commonly-used packages.
* 
* Copyright (c) 2007--2023 Vafa Khalighi
* Copyright (c) 2018--2020 bidi-tex GitHub organization
* 
* v39.8 (Release Donald Ervin Knuth), 2023/08/02
* 
* License: LaTeX Project Public License, version
* 1.3c or higher (your choice)
* 
* Location on CTAN: /macros/xetex/latex/bidi
* 
* Issue tracker: https://github.com/kvafa/bidi/issues
* 
* Discussions: https://github.com/kvafa/bidi/discussions
* 
* Primary author of bidi package: Vafa Khalighi.
* 
****************************************************
(/usr/share/texlive/texmf-dist/tex/xelatex/bidi/biditools.sty
Package: biditools 2022/06/15 v2.3 Programming tools for bidi package
\@bidi@envbody=\toks57
\@bidi@emptytoks=\toks58
\bidi@poscount=\count382
\bidi@tempcountb=\count383
\bidi@temptoksa=\toks59
\bidi@temptoksb=\toks60
\bidi@dummies=\count384
\bidi@are@these@correct=\toks61
\bidi@toks@lista=\toks62
\bidi@toks@listb=\toks63
\bidi@stack@length=\count385
\bidi@empty@stack=\toks64
\bidi@looprepeat@depth=\count386
)
(/usr/share/texlive/texmf-dist/tex/latex/zref/zref-abspage.sty
Package: zref-abspage 2023-09-14 v2.35 Module abspage for zref (HO)

(/usr/share/texlive/texmf-dist/tex/latex/zref/zref-base.sty
Package: zref-base 2023-09-14 v2.35 Module base for zref (HO)

(/usr/share/texlive/texmf-dist/tex/generic/kvdefinekeys/kvdefinekeys.sty
Package: kvdefinekeys 2019-12-19 v1.6 Define keys (HO)
)
(/usr/share/texlive/texmf-dist/tex/generic/etexcmds/etexcmds.sty
Package: etexcmds 2019/12/15 v1.7 Avoid name clashes with e-TeX commands (HO)
)
(/usr/share/texlive/texmf-dist/tex/latex/auxhook/auxhook.sty
Package: auxhook 2019-12-17 v1.6 Hooks for auxiliary files (HO)
)
Package zref Info: New property list: main on input line 767.
Package zref Info: New property: default on input line 768.
Package zref Info: New property: page on input line 769.
)
\c@abspage=\count387
Package zref Info: New property: abspage on input line 67.
)
\@bidi@copyins@=\insert252

(/usr/share/texlive/texmf-dist/tex/xelatex/bidi/latex-xetex-bidi.def
File: latex-xetex-bidi.def 2022/07/04 v1.4.9 bidi adaptations for `latex.ltx' f
or XeTeX engine
\bidi@n@everypar=\toks65
\bidi@column@check@number=\count388

(/usr/share/texlive/texmf-dist/tex/xelatex/bidi/footnote-xetex-bidi.def
File: footnote-xetex-bidi.def 2023/01/18 v1.2 bidi footnote macros for XeTeX en
gine
\c@footdir@label=\count389
\footdir@toks=\toks66
)
(/usr/share/texlive/texmf-dist/tex/xelatex/bidi/book-xetex-bidi.def
File: book-xetex-bidi.def 2017/06/09 v1.0 bidi adaptations for standard book cl
ass for XeTeX engine
)
(/usr/share/texlive/texmf-dist/tex/xelatex/bidi/mathtools-xetex-bidi.def
File: mathtools-xetex-bidi.def 2018/01/07 v0.1 bidi adaptations for mathtools p
ackage for XeTeX engine
)
(/usr/share/texlive/texmf-dist/tex/xelatex/bidi/amsmath-xetex-bidi.def
File: amsmath-xetex-bidi.def 2020/05/16 v1.2 bidi adaptations for amsmath packa
ge for XeTeX engine
)
(/usr/share/texlive/texmf-dist/tex/xelatex/bidi/amstext-xetex-bidi.def
File: amstext-xetex-bidi.def 2016/09/12 v0.2 bidi adaptations for amstext packa
ge for XeTeX engine
)
(/usr/share/texlive/texmf-dist/tex/xelatex/bidi/amsthm-xetex-bidi.def
File: amsthm-xetex-bidi.def 2010/07/25 v0.1 bidi adaptations for amsthm package
 for XeTeX engine
)
(/usr/share/texlive/texmf-dist/tex/xelatex/bidi/caption-xetex-bidi.def
File: caption-xetex-bidi.def 2010/07/25 v0.1 bidi adaptations for caption packa
ge for XeTeX engine
)
(/usr/share/texlive/texmf-dist/tex/xelatex/bidi/caption3-xetex-bidi.def
File: caption3-xetex-bidi.def 2013/04/01 v0.1 bidi adaptations for caption3 pac
kage for XeTeX engine
)
(/usr/share/texlive/texmf-dist/tex/xelatex/bidi/color-xetex-bidi.def
File: color-xetex-bidi.def 2013/04/08 v0.2 bidi adaptations for color package f
or XeTeX engine
LaTeX Info: Redefining \color on input line 49.
)
(/usr/share/texlive/texmf-dist/tex/xelatex/bidi/xcolor-xetex-bidi.def
File: xcolor-xetex-bidi.def 2022/06/13 v0.3 bidi adaptations for xcolor package
 for XeTeX engine
LaTeX Info: Redefining \color on input line 48.
LaTeX Info: Redefining \bidicolor on input line 91.
)
(/usr/share/texlive/texmf-dist/tex/xelatex/bidi/graphicx-xetex-bidi.def
File: graphicx-xetex-bidi.def 2017/06/17 v0.5 bidi adaptations for graphicx pac
kage for XeTeX engine
)
(/usr/share/texlive/texmf-dist/tex/xelatex/bidi/geometry-xetex-bidi.def
File: geometry-xetex-bidi.def 2017/01/14 v0.2 bidi adaptations for geometry pac
kage for XeTeX engine
)
(/usr/share/texlive/texmf-dist/tex/xelatex/bidi/lineno-xetex-bidi.def
File: lineno-xetex-bidi.def 2018/01/28 v0.2 bidi adaptations for lineno package
 for XeTeX engine
)
(/usr/share/texlive/texmf-dist/tex/xelatex/bidi/pgfcorescopes.code-xetex-bidi.d
ef
File: pgfcorescopes.code-xetex-bidi.def 2015/11/14 v0.1 bidi adaptations for pg
f package for XeTeX engine
) (/usr/share/texlive/texmf-dist/tex/xelatex/bidi/array-xetex-bidi.def
File: array-xetex-bidi.def 2015/11/07 v0.3 bidi adaptations for array package f
or XeTeX engine
)
(/usr/share/texlive/texmf-dist/tex/xelatex/bidi/multicol-xetex-bidi.def
File: multicol-xetex-bidi.def 2022/07/10 v1.4 bidi adaptations for multicol pac
kage for XeTeX engine
)
(/usr/share/texlive/texmf-dist/tex/xelatex/bidi/pgfsys.code-xetex-bidi.def
File: pgfsys.code-xetex-bidi.def 2022/06/01 v0.1 bidi adaptations for pgfsys.co
de.tex file for XeTeX engine
))
(/usr/share/texlive/texmf-dist/tex/xelatex/bidi/loadingorder-xetex-bidi.def
File: loadingorder-xetex-bidi.def 2017/12/29 v0.97 making sure that bidi is the
 last package loaded
)
\bidi@digits=\count390
\bidi@digits@charclass=\XeTeXcharclass2
\bidi@sepmark@charclass=\XeTeXcharclass3
)
(/usr/share/texlive/texmf-dist/tex/latex/polyglossia/arabicnumbers.sty
Package: arabicnumbers 2010/03/18 v0.2 Formatting of Arabic and Farsi digits an
d of Arabic abjad numerals
)
(/usr/share/texlive/texmf-dist/tex/latex/polyglossia/hijrical.sty
Package: hijrical 2010/07/12 v0.2 Islamic calendar

(/usr/share/texlive/texmf-dist/tex/latex/polyglossia/cal-util.def
\c@tmpA=\count391
\c@tmpB=\count392
\c@tmpC=\count393
\c@tmpD=\count394
\c@tmpE=\count395
\c@tmpF=\count396
)
\c@Hijriday=\count397
\c@Hijrimonth=\count398
\c@Hijriyear=\count399
)
Package polyglossia Info: Option: Urdu, calendar=gregorian.
Package polyglossia Info: Option: Urdu, numerals=eastern.
)
Package polyglossia Info: Default language is urdu.

(/usr/share/texlive/texmf-dist/tex/latex/polyglossia/gloss-english.ldf
File: gloss-english.ldf polyglossia: module for English
Package polyglossia Info: Option: English, variant=american.
)

Package fontspec Info: Could not resolve font "Jameel Noori Nastaleeq/B" (it
(fontspec)             probably doesn't exist).


Package fontspec Info: Font family 'JameelNooriNastaleeq(0)' created for font
(fontspec)             'Jameel Noori Nastaleeq' with options
(fontspec)             [Ligatures=TeX,Script=Arabic,Scale=1.0].
(fontspec)              
(fontspec)              This font family consists of the following NFSS
(fontspec)             series/shapes:
(fontspec)              
(fontspec)             - 'normal' (m/n) with NFSS spec.: <->s*[1.0]"Jameel
(fontspec)             Noori
(fontspec)             Nastaleeq/OT:script=arab;language=dflt;mapping=tex-text;
"
(fontspec)             - 'small caps'  (m/sc) with NFSS spec.: 
(fontspec)             - 'italic' (m/it) with NFSS spec.: <->s*[1.0]"Jameel
(fontspec)             Noori
(fontspec)             Nastaleeq/I/OT:script=arab;language=dflt;mapping=tex-tex
t;"
(fontspec)             - 'italic small caps'  (m/scit) with NFSS spec.: 
(fontspec)             - 'bold italic' (b/it) with NFSS spec.:
(fontspec)             <->s*[1.0]"Jameel Noori
(fontspec)             Nastaleeq/BI/OT:script=arab;language=dflt;mapping=tex-te
xt;"
(fontspec)             - 'bold italic small caps'  (b/scit) with NFSS spec.: 

LaTeX Font Info:    Font shape `TU/JameelNooriNastaleeq(0)/m/n' will be
(Font)              scaled to size 10.0pt on input line 57.

Package fontspec Info: Could not resolve font "Jameel Noori Nastaleeq/B" (it
(fontspec)             probably doesn't exist).


Package fontspec Info: Font family 'JameelNooriNastaleeq(1)' created for font
(fontspec)             'Jameel Noori Nastaleeq' with options
(fontspec)             [Script=Arabic,Scale=1.0].
(fontspec)              
(fontspec)              This font family consists of the following NFSS
(fontspec)             series/shapes:
(fontspec)              
(fontspec)             - 'normal' (m/n) with NFSS spec.: <->s*[1.0]"Jameel
(fontspec)             Noori Nastaleeq/OT:script=arab;language=dflt;"
(fontspec)             - 'small caps'  (m/sc) with NFSS spec.: 
(fontspec)             - 'italic' (m/it) with NFSS spec.: <->s*[1.0]"Jameel
(fontspec)             Noori Nastaleeq/I/OT:script=arab;language=dflt;"
(fontspec)             - 'italic small caps'  (m/scit) with NFSS spec.: 
(fontspec)             - 'bold italic' (b/it) with NFSS spec.:
(fontspec)             <->s*[1.0]"Jameel Noori
(fontspec)             Nastaleeq/BI/OT:script=arab;language=dflt;"
(fontspec)             - 'bold italic small caps'  (b/scit) with NFSS spec.: 


Package fontspec Info: Could not resolve font "AA Sameer Sagar Nastaleeq
(fontspec)             Bold/BI" (it probably doesn't exist).


Package fontspec Info: Could not resolve font "AA Sameer Sagar Nastaleeq
(fontspec)             Bold/B" (it probably doesn't exist).


Package fontspec Info: Could not resolve font "AA Sameer Sagar Nastaleeq
(fontspec)             Bold/I" (it probably doesn't exist).


Package fontspec Info: Font family 'AASameerSagarNastaleeqBold(0)' created for
(fontspec)             font 'AA Sameer Sagar Nastaleeq Bold' with options
(fontspec)             [Scale=1.0,Script=Arabic].
(fontspec)              
(fontspec)              This font family consists of the following NFSS
(fontspec)             series/shapes:
(fontspec)              
(fontspec)             - 'normal' (m/n) with NFSS spec.: <->s*[1.0]"AA Sameer
(fontspec)             Sagar Nastaleeq Bold/OT:script=arab;language=dflt;"
(fontspec)             - 'small caps'  (m/sc) with NFSS spec.: 

)
(./longdiv.tex
\gpten=\count400
) (/usr/share/texlive/texmf-dist/tex/latex/polynom/polynom.sty
Package: polynom 2017/07/17 0.19 (CH,HA)
\pld@currstage=\count401
)
(/usr/share/texlive/texmf-dist/tex/generic/pgfplots/libs/tikzlibrarypgfplots.fi
llbetween.code.tex
(/usr/share/texlive/texmf-dist/tex/generic/pgfplots/pgfcontrib/tikzlibraryfillb
etween.code.tex
(/usr/share/texlive/texmf-dist/tex/generic/pgfplots/pgfcontrib/tikzlibrarydecor
ations.softclip.code.tex
(/usr/share/texlive/texmf-dist/tex/generic/pgfplots/pgfcontrib/pgflibraryfillbe
tween.code.tex)))
(/usr/share/texlive/texmf-dist/tex/generic/pgfplots/libs/tikzlibrarypgfplots.de
corations.softclip.code.tex))
(/usr/share/texlive/texmf-dist/tex/latex/gnuplottex/gnuplottex.sty
Package: gnuplottex 2020/03/19 v0.9.5 gnuplot graphs in LaTeX

(/usr/share/texlive/texmf-dist/tex/latex/moreverb/moreverb.sty
Package: moreverb 2008/06/03 v2.3a `more' verbatim facilities

(/usr/share/texlive/texmf-dist/tex/latex/tools/verbatim.sty
Package: verbatim 2023-11-06 v1.5v LaTeX2e package for verbatim enhancements
\every@verbatim=\toks67
\verbatim@line=\toks68
\verbatim@in@stream=\read3
)
\tab@position=\count402
\tab@size=\count403
\listing@line=\count404
)
(/usr/share/texlive/texmf-dist/tex/generic/catchfile/catchfile.sty
Package: catchfile 2019/12/09 v1.8 Catch the contents of a file (HO)
)
\verbatim@out=\write4
runsystem(touch w18-test-202610101006.tex)...disabled (restricted).

runsystem(rm -f w18-test-202610101006.tex)...disabled (restricted).

runsystem(rm -f "calculusAndAnalyticGeometry.gnuploterrors")...disabled (restri
cted).



Package gnuplottex Warning: Shell escape not enabled.
(gnuplottex)                You'll need to convert the graphs yourself.

\c@fignum=\count405
) (/usr/share/texlive/texmf-dist/tex/latex/esint/esint.sty
Package: esint 
\symlargesymbolsA=\mathgroup11
)
(/usr/share/texlive/texmf-dist/tex/latex/newfile/newfile.sty
Package: newfile 2009/09/03 v1.0c Output and input files
\c@streamvline=\count406
)
\tempfile=\write5
\openout5 = `answer.tex'.


(./tex/myHarpoons.tex) (./tex/myUrduCommandsCalculus.tex
\c@examplecounter=\count407
\c@practicecounter=\count408
\c@questioncounter=\count409
\c@lawcounter=\count410
\c@kthcounter=\count411
\c@kcocounter=\count412
\c@krucounter=\count413
\c@kttcounter=\count414
)
(./tex/myUrduGreek.tex) (./tex/myEMTvectors.tex) (./tex/myDeclareFunctions.tex)
(./tex/myCircuitDimensionsAndMathematicalSymbols.tex)
(./tex/myTikzCommandsCircuitAnalysis.tex)
(./tex/myConfigurableTechicalTerms.tex)
\@indexfile=\write6
\openout6 = `calculusAndAnalyticGeometry.idx'.


Writing index file calculusAndAnalyticGeometry.idx
(./calculusAndAnalyticGeometry.aux
No file ./tex/calculusPreface.aux.
No file ./tex/prefaceFirstBook.aux.
No file ./tex/calculusFunctions.aux.
No file ./tex/calculusLimitsAndContinuity.aux.
No file ./tex/calculusDerivatives.aux.
No file ./tex/calculusApplicationsOfDerivatives.aux.
No file ./tex/calculusIntegration.aux.
No file ./tex/calculusApplicationsOfIntegrals.aux.
No file ./tex/calculusTranscendentalFunctions.aux.
No file ./tex/calculusTechniquesOfIntegration.aux.
No file ./tex/calculusInfiniteSeries.aux.
No file ./tex/calculusConicSectionsParametrizedCurvesPolarCoordinates.aux.
No file ./tex/calculusVectorsAndAnalyticGeometryInSpace.aux.
No file ./tex/calculusVectorValuedFunctionsandMotionInSpace.aux.
No file ./tex/calculusMultivariableFunctionsAndPartialDerivatives.aux.
(./tex/calculusMultipleIntegrals.aux)
No file ./tex/calculusIntegrationInVectorFields.aux.
No file ./tex/calculusAppendixA.aux.
No file ./tex/calculusAppendixB.aux.
No file ./tex/calculusAppendixC.aux.
No file ./tex/calculusAppendixD.aux.
No file ./tex/calculusAppendixE.aux.
No file ./tex/calculusAppendixF.aux.
No file ./tex/calculusAppendixG.aux.
No file ./tex/calculusAppendixH.aux.
No file ./tex/calculusAppendixI.aux.
No file ./tex/calculusIntegrationTable.aux.
)
\openout1 = `calculusAndAnalyticGeometry.aux'.

LaTeX Font Info:    Checking defaults for OML/cmm/m/it on input line 163.
LaTeX Font Info:    ... okay on input line 163.
LaTeX Font Info:    Checking defaults for OMS/cmsy/m/n on input line 163.
LaTeX Font Info:    ... okay on input line 163.
LaTeX Font Info:    Checking defaults for OT1/cmr/m/n on input line 163.
LaTeX Font Info:    ... okay on input line 163.
LaTeX Font Info:    Checking defaults for T1/cmr/m/n on input line 163.
LaTeX Font Info:    ... okay on input line 163.
LaTeX Font Info:    Checking defaults for TS1/cmr/m/n on input line 163.
LaTeX Font Info:    Trying to load font information for TS1+cmr on input line 1
63.
 (/usr/share/texlive/texmf-dist/tex/latex/base/ts1cmr.fd
File: ts1cmr.fd 2023/04/13 v2.5m Standard LaTeX font definitions
)
LaTeX Font Info:    ... okay on input line 163.
LaTeX Font Info:    Checking defaults for TU/lmr/m/n on input line 163.
LaTeX Font Info:    ... okay on input line 163.
LaTeX Font Info:    Checking defaults for OMX/cmex/m/n on input line 163.
LaTeX Font Info:    ... okay on input line 163.
LaTeX Font Info:    Checking defaults for U/cmr/m/n on input line 163.
LaTeX Font Info:    ... okay on input line 163.

Package pgfplots notification 'compat/show suggested version=true': document ha
s been generated with the most recent feature set (\pgfplotsset{compat=1.18}).


(/usr/share/texlive/texmf-dist/tex/latex/translations/translations-basic-dictio
nary-english.trsl
File: translations-basic-dictionary-english.trsl (english translation file `tra
nslations-basic-dictionary')
)

Package chemgreek Info: Activating mapping `fontspec' on line 163.


*geometry* driver: auto-detecting
*geometry* detected driver: xetex
*geometry* verbose mode - [ preamble ] result:
* driver: xetex
* paper: b5paper
* layout: <same size as paper>
* layoutoffset:(h,v)=(0.0pt,0.0pt)
* modes: twoside 
* h-part:(L,W,R)=(60.09283pt, 350.5364pt, 90.13925pt)
* v-part:(T,H,B)=(85.35913pt, 497.92105pt, 128.03871pt)
* \paperwidth=500.7685pt
* \paperheight=711.3189pt
* \textwidth=350.5364pt
* \textheight=497.92105pt
* \oddsidemargin=-12.17715pt
* \evensidemargin=17.86926pt
* \topmargin=-16.97835pt
* \headheight=12.0pt
* \headsep=18.06749pt
* \topskip=10.0pt
* \footskip=25.29494pt
* \marginparwidth=57.0pt
* \marginparsep=7.0pt
* \columnsep=10.0pt
* \skip\footins=9.0pt plus 4.0pt minus 2.0pt
* \hoffset=0.0pt
* \voffset=0.0pt
* \mag=1000
* \@twocolumnfalse
* \@twosidetrue
* \@mparswitchtrue
* \@reversemarginfalse
* (1in=72.27pt=25.4mm, 1cm=28.453pt)

Package caption Info: Begin \AtBeginDocument code.
Package caption Info: End \AtBeginDocument code.

Package fontspec Info: Could not resolve font "Jameel Noori Nastaleeq/B" (it
(fontspec)             probably doesn't exist).


Package fontspec Info: Font family 'JameelNooriNastaleeq(2)' created for font
(fontspec)             'Jameel Noori Nastaleeq' with options
(fontspec)             [Ligatures=TeX,Script=Arabic,Scale=1.0,Script=Arabic].
(fontspec)              
(fontspec)              This font family consists of the following NFSS
(fontspec)             series/shapes:
(fontspec)              
(fontspec)             - 'normal' (m/n) with NFSS spec.: <->s*[1.0]"Jameel
(fontspec)             Noori
(fontspec)             Nastaleeq/OT:script=arab;language=dflt;mapping=tex-text;
"
(fontspec)             - 'small caps'  (m/sc) with NFSS spec.: 
(fontspec)             - 'italic' (m/it) with NFSS spec.: <->s*[1.0]"Jameel
(fontspec)             Noori
(fontspec)             Nastaleeq/I/OT:script=arab;language=dflt;mapping=tex-tex
t;"
(fontspec)             - 'italic small caps'  (m/scit) with NFSS spec.: 
(fontspec)             - 'bold italic' (b/it) with NFSS spec.:
(fontspec)             <->s*[1.0]"Jameel Noori
(fontspec)             Nastaleeq/BI/OT:script=arab;language=dflt;mapping=tex-te
xt;"
(fontspec)             - 'bold italic small caps'  (b/scit) with NFSS spec.: 

LaTeX Font Info:    Font shape `TU/JameelNooriNastaleeq(2)/m/n' will be
(Font)              scaled to size 10.0pt on input line 163.
LaTeX Font Info:    Font shape `TU/JameelNooriNastaleeq(2)/m/n' will be
(Font)              scaled to size 17.28pt on input line 175.
LaTeX Font Info:    Font shape `TU/JameelNooriNastaleeq(0)/m/n' will be
(Font)              scaled to size 17.28pt on input line 175.
LaTeX Font Info:    Font shape `TU/JameelNooriNastaleeq(2)/m/n' will be
(Font)              scaled to size 5.0pt on input line 175.
LaTeX Font Info:    Font shape `TU/JameelNooriNastaleeq(1)/m/n' will be
(Font)              scaled to size 5.0pt on input line 175.
LaTeX Font Info:    Font shape `TU/JameelNooriNastaleeq(2)/m/n' will be
(Font)              scaled to size 12.0pt on input line 175.
LaTeX Font Info:    Trying to load font information for OT1+ppl on input line 1
75.
(/usr/share/texlive/texmf-dist/tex/latex/psnfss/ot1ppl.fd
File: ot1ppl.fd 2001/06/04 font definitions for OT1/ppl.
)
LaTeX Font Info:    Trying to load font information for OML+zplm on input line 
175.

(/usr/share/texlive/texmf-dist/tex/latex/psnfss/omlzplm.fd
File: omlzplm.fd 2002/09/08 Fontinst v1.914 font definitions for OML/zplm.
)
LaTeX Font Info:    Trying to load font information for OMS+zplm on input line 
175.

(/usr/share/texlive/texmf-dist/tex/latex/psnfss/omszplm.fd
File: omszplm.fd 2002/09/08 Fontinst v1.914 font definitions for OMS/zplm.
)
LaTeX Font Info:    Trying to load font information for OMX+zplm on input line 
175.

(/usr/share/texlive/texmf-dist/tex/latex/psnfss/omxzplm.fd
File: omxzplm.fd 2002/09/08 Fontinst v1.914 font definitions for OMX/zplm.
)
LaTeX Font Info:    Trying to load font information for U+rsfs on input line 17
5.

(/usr/share/texlive/texmf-dist/tex/latex/jknapltx/ursfs.fd
File: ursfs.fd 1998/03/24 rsfs font definition file (jk)
)
LaTeX Font Info:    Font shape `U/msa/m/n' will be
(Font)              scaled to size 12.50409pt on input line 175.
LaTeX Font Info:    Font shape `U/msa/m/n' will be
(Font)              scaled to size 9.37807pt on input line 175.
LaTeX Font Info:    Font shape `U/msa/m/n' will be
(Font)              scaled to size 7.29405pt on input line 175.
LaTeX Font Info:    Font shape `U/msb/m/n' will be
(Font)              scaled to size 12.50409pt on input line 175.
LaTeX Font Info:    Font shape `U/msb/m/n' will be
(Font)              scaled to size 9.37807pt on input line 175.
LaTeX Font Info:    Font shape `U/msb/m/n' will be
(Font)              scaled to size 7.29405pt on input line 175.
LaTeX Font Info:    Trying to load font information for OT1+zplm on input line 
175.

(/usr/share/texlive/texmf-dist/tex/latex/psnfss/ot1zplm.fd
File: ot1zplm.fd 2002/09/08 Fontinst v1.914 font definitions for OT1/zplm.
)
LaTeX Font Info:    Trying to load font information for U+esint on input line 1
75.

(/usr/share/texlive/texmf-dist/tex/latex/esint/uesint.fd
File: uesint.fd 
)
LaTeX Font Info:    Font shape `TU/JameelNooriNastaleeq(2)/m/n' will be
(Font)              scaled to size 9.0pt on input line 175.
LaTeX Font Info:    Font shape `TU/JameelNooriNastaleeq(1)/m/n' will be
(Font)              scaled to size 12.0pt on input line 175.
LaTeX Font Info:    Font shape `TU/JameelNooriNastaleeq(0)/m/n' will be
(Font)              scaled to size 12.0pt on input line 175.

Missing character: There is no ؍ (U+060D) in font Jameel Noori Nastaleeq/OT:scr
ipt=arab;language=dflt;mapping=tex-text;!
[1





] [2


]
LaTeX Font Info:    Font shape `TU/JameelNooriNastaleeq(2)/m/n' will be
(Font)              scaled to size 24.88pt on input line 178.


LaTeX Font Warning: Font shape `TU/JameelNooriNastaleeq(2)/b/n' undefined
(Font)              using `TU/JameelNooriNastaleeq(2)/m/n' instead on input lin
e 178.


LaTeX Font Warning: Font shape `TU/JameelNooriNastaleeq(0)/b/n' undefined
(Font)              using `TU/JameelNooriNastaleeq(0)/m/n' instead on input lin
e 178.

LaTeX Font Info:    Font shape `TU/JameelNooriNastaleeq(0)/m/n' will be
(Font)              scaled to size 24.88pt on input line 178.
LaTeX Font Info:    Font shape `TU/JameelNooriNastaleeq(2)/b/n' will be
(Font)              scaled to size 24.88pt on input line 178.
(./calculusAndAnalyticGeometry.toc
LaTeX Font Info:    Font shape `TU/JameelNooriNastaleeq(2)/b/n' will be
(Font)              scaled to size 10.0pt on input line 3.
LaTeX Font Info:    Font shape `TU/JameelNooriNastaleeq(0)/b/n' will be
(Font)              scaled to size 10.0pt on input line 3.
LaTeX Font Info:    Font shape `U/msa/m/n' will be
(Font)              scaled to size 10.42007pt on input line 6.
LaTeX Font Info:    Font shape `U/msa/m/n' will be
(Font)              scaled to size 7.91925pt on input line 6.
LaTeX Font Info:    Font shape `U/msa/m/n' will be
(Font)              scaled to size 6.25204pt on input line 6.
LaTeX Font Info:    Font shape `U/msb/m/n' will be
(Font)              scaled to size 10.42007pt on input line 6.
LaTeX Font Info:    Font shape `U/msb/m/n' will be
(Font)              scaled to size 7.91925pt on input line 6.
LaTeX Font Info:    Font shape `U/msb/m/n' will be
(Font)              scaled to size 6.25204pt on input line 6.
)
\tf@toc=\write7
\openout7 = `calculusAndAnalyticGeometry.toc'.

 [3] [4




]
\openout2 = `./tex/calculusMultipleIntegrals.aux'.


(./tex/calculusMultipleIntegrals.tex
باب \farsidigits{1}.
LaTeX Font Info:    Font shape `TU/JameelNooriNastaleeq(2)/m/n' will be
(Font)              scaled to size 20.74pt on input line 1.
LaTeX Font Info:    Font shape `TU/JameelNooriNastaleeq(2)/b/n' will be
(Font)              scaled to size 20.74pt on input line 1.
LaTeX Font Info:    Font shape `TU/JameelNooriNastaleeq(0)/b/n' will be
(Font)              scaled to size 20.74pt on input line 1.
LaTeX Font Info:    Font shape `TU/JameelNooriNastaleeq(0)/b/n' will be
(Font)              scaled to size 24.88pt on input line 1.
LaTeX Font Info:    Font shape `TU/JameelNooriNastaleeq(2)/b/n' will be
(Font)              scaled to size 12.0pt on input line 2.
LaTeX Font Info:    Font shape `TU/JameelNooriNastaleeq(0)/b/n' will be
(Font)              scaled to size 12.0pt on input line 2.

Underfull \hbox (badness 10000) in paragraph at lines 3--4
[]\TU/JameelNooriNastaleeq(0)/b/n/10 دو اور تین متغیری تفاعلات کے جو مسائل ہم ت
کمل کے ذریعہ حل کر سکتے ہیں ان کی نوعیت ان یک متغیری تفاعلات کے مسائل کی طرح، ل
یکن زیادہ عمومی ، ہوتی[]
 []


Underfull \hbox (badness 4441) in paragraph at lines 3--4
[]\TU/JameelNooriNastaleeq(0)/b/n/10 ہے جنہیں ہم تکمل کے ذریعہ حل کر سکتے ہیں۔ 
گزشتہ ابواب کی طرح ہم یک متغیری تفاعلات کے ساتھ ہمارے تجربہ کو استعمال کرتے ہوئ
ے دو اور تین متغیری[]
 []

LaTeX Font Info:    Font shape `TU/JameelNooriNastaleeq(2)/m/n' will be
(Font)              scaled to size 14.4pt on input line 5.
LaTeX Font Info:    Font shape `TU/JameelNooriNastaleeq(2)/b/n' will be
(Font)              scaled to size 14.4pt on input line 5.
LaTeX Font Info:    Font shape `TU/JameelNooriNastaleeq(0)/b/n' will be
(Font)              scaled to size 14.4pt on input line 5.

LaTeX Warning: Reference `باب_تکمل' on page \farsidigits{1} undefined on input 
line 6.


Underfull \hbox (badness 4060) in paragraph at lines 6--7
[]\TU/JameelNooriNastaleeq(0)/b/n/10 ہم مستوی $\OML/zplm/m/it/10 xy$ \TU/Jameel
NooriNastaleeq(0)/b/n/10 میں محدود خطہ پر استمراری تفاعل $\OML/zplm/m/it/10 f\O
T1/zplm/m/n/10 (\OML/zplm/m/it/10 x\OT1/ppl/m/n/10 , \OML/zplm/m/it/10 y\OT1/zp
lm/m/n/10 )$ \TU/JameelNooriNastaleeq(0)/b/n/10 کا تکمل حاصل کرنا سکھاتے ہیں۔یہ
اں متعارف کیے جانے والا دوہرا (دو گنا) تکمل اور باب [][]
 []


Underfull \hbox (badness 10000) in paragraph at lines 12--14
[]\TU/JameelNooriNastaleeq(0)/b/n/10 ہے(شکل ۱.۱[])۔ ہم ان رقبوں کو کسی ترتیب $\
OT1/zplm/m/n/10 ^^A\OML/zplm/m/it/10 S[]$\TU/JameelNooriNastaleeq(0)/b/n/10 ، $
\OT1/zplm/m/n/10 ^^A\OML/zplm/m/it/10 S[]$\TU/JameelNooriNastaleeq(0)/b/n/10 ، 
$[] $، $\OT1/zplm/m/n/10 ^^A\OML/zplm/m/it/10 S[]$ \TU/JameelNooriNastaleeq(0)/
b/n/10 سے شمار کر کے ہر چھوٹے رقبہ $\OT1/zplm/m/n/10 ^^A\OML/zplm/m/it/10 S[]$ 
\TU/JameelNooriNastaleeq(0)/b/n/10 میں کوئی ایک نقطہ $\OT1/zplm/m/n/10 (\OML/zp
lm/m/it/10 x[]\OT1/ppl/m/n/10 , \OML/zplm/m/it/10 y[]\OT1/zplm/m/n/10 )$[]
 []

[1
















]
LaTeX Font Info:    Font shape `TU/AASameerSagarNastaleeqBold(0)/m/n' will be
(Font)              scaled to size 10.0pt on input line 17.
LaTeX Font Info:    Font shape `TU/JameelNooriNastaleeq(2)/m/n' will be
(Font)              scaled to size 7.6pt on input line 17.
LaTeX Font Info:    Font shape `TU/JameelNooriNastaleeq(2)/m/n' will be
(Font)              scaled to size 8.0pt on input line 17.
LaTeX Font Info:    Font shape `U/msa/m/n' will be
(Font)              scaled to size 8.33606pt on input line 17.
LaTeX Font Info:    Font shape `U/msa/m/n' will be
(Font)              scaled to size 5.21004pt on input line 17.
LaTeX Font Info:    Font shape `U/msb/m/n' will be
(Font)              scaled to size 8.33606pt on input line 17.
LaTeX Font Info:    Font shape `U/msb/m/n' will be
(Font)              scaled to size 5.21004pt on input line 17.
LaTeX Font Info:    Font shape `TU/JameelNooriNastaleeq(2)/m/n' will be
(Font)              scaled to size 6.0pt on input line 17.
LaTeX Info: Redefining \rmfamily on input line 17.
LaTeX Info: Redefining \sffamily on input line 17.
LaTeX Info: Redefining \ttfamily on input line 17.
LaTeX Font Info:    Font shape `TU/JameelNooriNastaleeq(0)/m/n' will be
(Font)              scaled to size 8.0pt on input line 17.

Underfull \hbox (badness 10000) in paragraph at lines 16--18
[]\TU/JameelNooriNastaleeq(0)/b/n/10 اگر پورے $\OML/zplm/m/it/10 R$ \TU/JameelN
ooriNastaleeq(0)/b/n/10 میں $\OML/zplm/m/it/10 f$ \TU/JameelNooriNastaleeq(0)/b
/n/10 استمراری ہو، تب، ہم جال کے خانوں کو باریک سے باریک بنا کر (یعنی خانوں کے 
اضلاع کو چھوٹا سے چھوٹا کر کے) $\OT1/zplm/m/n/10 ^^A\OML/zplm/m/it/10 x$ \TU/Ja
meelNooriNastaleeq(0)/b/n/10 اور $\OT1/zplm/m/n/10 ^^A\OML/zplm/m/it/10 y$[]
 []


Underfull \hbox (badness 10000) in paragraph at lines 16--18
[]\TU/JameelNooriNastaleeq(0)/b/n/10 دونوں کو صفر کے قریب سے قریب پہنچا سکتے ہی
ں۔ ایسا کرنے سے مساوات ۱[] میں دیا گیا مجموعہ ایک تحدیدی قیمت تک پہنچے گا جس کو
 $\OML/zplm/m/it/10 R$ \TU/JameelNooriNastaleeq(0)/b/n/10 پر $\OML/zplm/m/it/10
 f$ \TU/JameelNooriNastaleeq(0)/b/n/10 کا \TU/AASameerSagarNastaleeqBold(0)/m/n
/10 دوہرا تکمل[][][][]
 []

LaTeX Info: Redefining \rmfamily on input line 25.
LaTeX Info: Redefining \sffamily on input line 25.
LaTeX Info: Redefining \ttfamily on input line 25.

Underfull \hbox (badness 10000) in paragraph at lines 24--26
[]\TU/JameelNooriNastaleeq(0)/b/n/10 جیسا کہ یک متغیری تفاعل کے ساتھ ہوتا ہے، ب
شرطیکہ خانہ بندی کے دونوں\TU/AASameerSagarNastaleeqBold(0)/m/n/10 معیارات [][][
] []\TU/JameelNooriNastaleeq(0)/b/n/10 صفر تک پہنچتے ہوں، وقفات $\OT1/zplm/m/n/
10 [\OML/zplm/m/it/10 a\OT1/ppl/m/n/10 , \OML/zplm/m/it/10 b\OT1/zplm/m/n/10 ]$
 \TU/JameelNooriNastaleeq(0)/b/n/10 اور $\OT1/zplm/m/n/10 [\OML/zplm/m/it/10 c\
OT1/ppl/m/n/10 , \OML/zplm/m/it/10 d\OT1/zplm/m/n/10 ]$ \TU/JameelNooriNastalee
q(0)/b/n/10 کی طرزِ تقسیم[]
 []


Underfull \hbox (badness 10000) in paragraph at lines 24--26
[]\TU/JameelNooriNastaleeq(0)/b/n/10 کا مجموعے کی حد پر کوئی اثر نہیں پایا جائے
 گا۔ مساوات ۲[] میں حد کی قیمت، نہ تو رقبوں $\OT1/zplm/m/n/10 ^^A\OML/zplm/m/it
/10 S[]$ \TU/JameelNooriNastaleeq(0)/b/n/10 کی ترتیبِ شمار پر اور نہ ہی ہر $\OT
1/zplm/m/n/10 ^^A\OML/zplm/m/it/10 S[]$ \TU/JameelNooriNastaleeq(0)/b/n/10 میں 
نقطہ $\OT1/zplm/m/n/10 (\OML/zplm/m/it/10 x[]\OT1/ppl/m/n/10 , \OML/zplm/m/it/1
0 y[]\OT1/zplm/m/n/10 )$ \TU/JameelNooriNastaleeq(0)/b/n/10 کے[]
 []


Underfull \hbox (badness 10000) in paragraph at lines 24--26
[]\TU/JameelNooriNastaleeq(0)/b/n/10 مقام پر منحصر ہو گی۔ انفرادی مجموعات $\OML
/zplm/m/it/10 J[]$ \TU/JameelNooriNastaleeq(0)/b/n/10 کی قیمتیں ان پر ضرور منحص
ر ہوں گی لیکن ان مجموعات کی حد آخر میں وہی ایک ہو گی۔استمراری $\OML/zplm/m/it/1
0 f$ \TU/JameelNooriNastaleeq(0)/b/n/10 کے لیے اس حد[]
 []


Underfull \hbox (badness 4266) in paragraph at lines 24--26
[]\TU/JameelNooriNastaleeq(0)/b/n/10 کی وجودیت اور یکتائی کے ثبوت اعلیٰ نصاب می
ں دیے جاتے ہیں۔دوہرا تکمل کی وجودیت کے لیے $\OML/zplm/m/it/10 f$ \TU/JameelNoor
iNastaleeq(0)/b/n/10 کا استمرار کافی لیکن غیر لازمی شرط ہے۔ مذکورہ بالا حد بہت[
]
 []


Underfull \hbox (badness 10000) in paragraph at lines 49--49
[][]\TU/JameelNooriNastaleeq(0)/b/n/10 شكل ۱.۱: |خطہ $\OML/zplm/m/it/10 R$ \TU/
JameelNooriNastaleeq(0)/b/n/10 کو مستطیل خانوں کا جال چھوٹے چھوٹے مستطیل خانوں 
میں تقسیم[]
 []

LaTeX Font Info:    Font shape `TU/JameelNooriNastaleeq(2)/m/n' will be
(Font)              scaled to size 7.0pt on input line 61.

Overfull \hbox (8.81383pt too wide) in paragraph at lines 55--65
 [][][][][][][][] 
 []


Underfull \hbox (badness 10000) in paragraph at lines 65--65
[][]\TU/JameelNooriNastaleeq(0)/b/n/10 شكل ۱.۲: |دوہرا تکملات بھی یک گنا تکملات
 کی طرح دائرہ کار کی[]
 []


LaTeX Warning: Reference `حصہ_تکمل_خصوصیات_رقبہ_اوسط_قیمت_مسئلہ' on page \farsi
digits{2} undefined on input line 83.

LaTeX Font Info:    Font shape `TU/JameelNooriNastaleeq(2)/m/sl' in size <10> n
ot available
(Font)              Font shape `TU/JameelNooriNastaleeq(2)/m/it' tried instead 
on input line 87.
LaTeX Font Info:    Font shape `TU/JameelNooriNastaleeq(2)/m/it' will be
(Font)              scaled to size 10.0pt on input line 87.
[2]
Underfull \hbox (badness 10000) in paragraph at lines 91--92
[]\TU/JameelNooriNastaleeq(0)/b/n/10 مثبت $\OML/zplm/m/it/10 f\OT1/zplm/m/n/10 
(\OML/zplm/m/it/10 x\OT1/ppl/m/n/10 , \OML/zplm/m/it/10 y\OT1/zplm/m/n/10 )$ \T
U/JameelNooriNastaleeq(0)/b/n/10 کی صورت میں ہم مستطیل خطہ $\OML/zplm/m/it/10 R
$ \TU/JameelNooriNastaleeq(0)/b/n/10 پر $\OML/zplm/m/it/10 f$ \TU/JameelNooriNa
staleeq(0)/b/n/10 کے دوہرے تکمل کو ٹھوس منشور کا حجم تصور کر سکتے ہیں جس کی نچل
ی سطح $\OML/zplm/m/it/10 R$ \TU/JameelNooriNastaleeq(0)/b/n/10 اور بالائی سطح[]

 []


Underfull \hbox (badness 10000) in paragraph at lines 91--92
[]\TU/JameelNooriNastaleeq(0)/b/n/10 کا حجم ہو گا جو تل $\OT1/zplm/m/n/10 ^^A\O
ML/zplm/m/it/10 S[]$ \TU/JameelNooriNastaleeq(0)/b/n/10 پر سیدھا کھڑے ٹھوس حصے 
کے حجم کی تخمینی قیمت ہو گا۔ یوں مجموعہ $\OML/zplm/m/it/10 J[]$ \TU/JameelNoori
Nastaleeq(0)/b/n/10 پورے ٹھوس جسم کے حجم کا تخمینہ ہو گا۔ اس حجم کی تعریف[]
 []


LaTeX Warning: Reference `باب_تکمل_کا_استعمال' on page \farsidigits{3} undefine
d on input line 95.


Underfull \hbox (badness 10000) in paragraph at lines 94--96
[]\TU/JameelNooriNastaleeq(0)/b/n/10 جیسا ہم توقع کرتے ہیں، حجم تلاش کرنے کی مذ
کورہ بالا زیادہ عمومی ترکیب سے حاصل نتائج ، باب [] میں پیش کی گئی ترکیب کے نتائ
ج کے عین مطابق ہیں۔ ہم[]
 []


Underfull \hbox (badness 10000) in paragraph at lines 141--141
[][]\TU/JameelNooriNastaleeq(0)/b/n/10 شكل ۱.۳: |ٹھوس جسم کو تخمینی طور پر متعد
د مستطیل منشورات سے ظاہر کرتے ہوئے ہم زیادہ عمومی منشور کے حجم کو بطور دوہرا تک
مل تعین کر سکتے ہیں۔ یہاں[]
 []


Overfull \hbox (7.20924pt too wide) in paragraph at lines 150--171
 [][][][][][][][] 
 []


Underfull \hbox (badness 10000) in paragraph at lines 171--171
[][]\TU/JameelNooriNastaleeq(0)/b/n/10 شكل ۱.۴: |رقبہ عمودی تراش $\OML/zplm/m/i
t/10 S\OT1/zplm/m/n/10 (\OML/zplm/m/it/10 x\OT1/zplm/m/n/10 )$ \TU/JameelNooriN
astaleeq(0)/b/n/10 حاصل کرنے کے لیے ہم $\OML/zplm/m/it/10 x$[]
 []


Overfull \hbox (10.60948pt too wide) in paragraph at lines 176--197
 [][][][][][][][] 
 []


Underfull \hbox (badness 10000) in paragraph at lines 197--197
[][]\TU/JameelNooriNastaleeq(0)/b/n/10 شكل ۱.۵: |رقبہ عمودی تراش $\OML/zplm/m/i
t/10 S\OT1/zplm/m/n/10 (\OML/zplm/m/it/10 y\OT1/zplm/m/n/10 )$ \TU/JameelNooriN
astaleeq(0)/b/n/10 حاصل کرنے کے لیے ہم $\OML/zplm/m/it/10 y$[]
 []


LaTeX Warning: Reference `حصہ_استعمال_تکمل_ترکیب_ٹکیاں' on page \farsidigits{3}
 undefined on input line 203.

[3] [4]
LaTeX Info: Redefining \rmfamily on input line 223.
LaTeX Info: Redefining \sffamily on input line 223.
LaTeX Info: Redefining \ttfamily on input line 223.
LaTeX Info: Redefining \rmfamily on input line 223.
LaTeX Info: Redefining \sffamily on input line 223.
LaTeX Info: Redefining \ttfamily on input line 223.

Underfull \hbox (badness 5431) in paragraph at lines 222--224
[]\TU/JameelNooriNastaleeq(0)/b/n/10 دائیں ہاتھ کی الجبرائی عبارت، جسے \TU/AASa
meerSagarNastaleeqBold(0)/m/n/10 بارہا تکمل[][][] []\TU/JameelNooriNastaleeq(0)
/b/n/10 یا \TU/AASameerSagarNastaleeqBold(0)/m/n/10 اعادہ تکمل[][][] []\TU/Jame
elNooriNastaleeq(0)/b/n/10 کہتے ہیں، کہتی ہے کہ حجم تلاش کرنے کی خاطر، پہلے $\O
ML/zplm/m/it/10 x$ \TU/JameelNooriNastaleeq(0)/b/n/10 کو مستقل ٹھراتے ہوئے $\OM
L/zplm/m/it/10 y$ \TU/JameelNooriNastaleeq(0)/b/n/10 کے لحاظ[]
 []

[5]
Underfull \hbox (badness 10000) in paragraph at lines 244--246
[]\TU/JameelNooriNastaleeq(0)/b/n/10 اس کا جواب یہ ہے کہ دونوں اس دوہرے تکمل کی
 قیمت دیتے ہیں۔ مسئلہ فوبینی کہتا ہے کہ مستطیل خطے پر استمراری تفاعل کا دوہرا ت
کمل، کسی بھی ترتیب سے، بارہا[]
 []

LaTeX Info: Redefining \rmfamily on input line 257.
LaTeX Info: Redefining \sffamily on input line 257.
LaTeX Info: Redefining \ttfamily on input line 257.

Underfull \hbox (badness 10000) in paragraph at lines 259--260
[][]\TU/JameelNooriNastaleeq(0)/b/n/10 مسئلہ فوبینی مزید کہتا ہے کہ دوہرے تکمل 
کی قیمت حاصل کرتے ہوئے ہم بارہا تکمل کسی بھی ترتیب سے حل کر سکتے ہیں، جو بہت کا
رآمد ثابت ہوتا ہے (جیسا ہم[]
 []

[6]
LaTeX Info: Redefining \rmfamily on input line 278.
LaTeX Info: Redefining \sffamily on input line 278.
LaTeX Info: Redefining \ttfamily on input line 278.

Overfull \hbox (13.2044pt too wide) in paragraph at lines 280--286
 [][][] 
 []


Underfull \hbox (badness 10000) in paragraph at lines 331--331
[][]\TU/JameelNooriNastaleeq(0)/b/n/10 شكل ۱.۷: |مستطیل خطے کی جمع پذیری کی خاص
یت ان غیر[]
 []


Underfull \hbox (badness 10000) in paragraph at lines 331--331
[]\TU/JameelNooriNastaleeq(0)/b/n/10 مستطیل خطوں کے لیے بھی کارآمد ہے جن کی پور
ی سرحد[]
 []


Underfull \hbox (badness 10000) in paragraph at lines 337--338
[]\TU/JameelNooriNastaleeq(0)/b/n/10 محدود غیر مستطیل خطہ پر تفاعل $\OML/zplm/m
/it/10 f\OT1/zplm/m/n/10 (\OML/zplm/m/it/10 x\OT1/ppl/m/n/10 , \OML/zplm/m/it/1
0 y\OT1/zplm/m/n/10 )$ \TU/JameelNooriNastaleeq(0)/b/n/10 کا دوہرا تکمل تعین کر
نے کی خاطر ہم اب بھی $\OML/zplm/m/it/10 R$ \TU/JameelNooriNastaleeq(0)/b/n/10 پ
ر مستطیل جال بچھاتے ہیں (شکل ۱.۶[]) لیکن جزوی مجموعے[]
 []


Underfull \hbox (badness 10000) in paragraph at lines 337--338
[]\TU/JameelNooriNastaleeq(0)/b/n/10 ان چھوٹے رقبوں کو کسی بھی ترتیب سے شمار کر
تے ہوئے، ہر ایک رقبہ $\OT1/zplm/m/n/10 ^^A\OML/zplm/m/it/10 S[]$ \TU/JameelNoor
iNastaleeq(0)/b/n/10 میں کوئی ایک نقطہ $\OT1/zplm/m/n/10 (\OML/zplm/m/it/10 x[]
\OT1/ppl/m/n/10 , \OML/zplm/m/it/10 y[]\OT1/zplm/m/n/10 )$ \TU/JameelNooriNasta
leeq(0)/b/n/10 منتخب کر کے درج ذیل مجموعہ حاصل کرتے[]
 []

[7]
Underfull \hbox (badness 10000) in paragraph at lines 340--342
[]\TU/JameelNooriNastaleeq(0)/b/n/10 اس مجموعہ میں اور مستطیل خطے پر مجموعہ (مس
اوات ۱[]) میں صرف اتنا فرق ہے کہ اب تمام شامل کردہ $\OT1/zplm/m/n/10 ^^A\OML/zp
lm/m/it/10 S[]$ \TU/JameelNooriNastaleeq(0)/b/n/10 مل کر خطہ $\OML/zplm/m/it/10
 R$ \TU/JameelNooriNastaleeq(0)/b/n/10 کو مکمل طور پر نہیں ڈھانپتے۔البتہ[]
 []


Underfull \hbox (badness 10000) in paragraph at lines 340--342
[]\TU/JameelNooriNastaleeq(0)/b/n/10 جیسے جیسے جال کے خانے باریک سے باریک ہوتے 
جاتے ہیں (یعنی خانوں کے اضلاع چھوٹے سے چھوٹے ہوتے جاتے ہیں)، $\OML/zplm/m/it/10
 J[]$ \TU/JameelNooriNastaleeq(0)/b/n/10 میں اجزاء کی تعداد بڑھتی[]
 []


Underfull \hbox (badness 5847) in paragraph at lines 340--342
[]\TU/JameelNooriNastaleeq(0)/b/n/10 جائے گی اور $\OML/zplm/m/it/10 R$ \TU/Jame
elNooriNastaleeq(0)/b/n/10 کا زیادہ سے زیادہ حصہ $\OML/zplm/m/it/10 J[]$ \TU/Ja
meelNooriNastaleeq(0)/b/n/10 میں شامل ہو گا۔ اگر $\OML/zplm/m/it/10 f$ \TU/Jame
elNooriNastaleeq(0)/b/n/10 استمراری ہو اور $\OML/zplm/m/it/10 R$ \TU/JameelNoor
iNastaleeq(0)/b/n/10 کی سرحد، متغیر $\OML/zplm/m/it/10 x$ \TU/JameelNooriNastal
eeq(0)/b/n/10 کی متناہی تعداد کے استمراری تفاعل اور (یا) متغیر[]
 []


Underfull \hbox (badness 10000) in paragraph at lines 340--342
[]$\OML/zplm/m/it/10 y$ \TU/JameelNooriNastaleeq(0)/b/n/10 کی متناہی تعداد کے ا
ستمراری تفاعل کی ترسیمات، ایک دوسرے کے ساتھ جوڑ کر حاصل کی گئی ہو، تب، بشرطیکہ 
مستطیل جال کے خانوں کے معیارات غیر[]
 []


Underfull \hbox (badness 10000) in paragraph at lines 347--348
[][]\TU/JameelNooriNastaleeq(0)/b/n/10 غیر مستطیل خطہ پر استمراری تفاعل کے دوہر
ا تکملات کے وہی خواص ہوں گے جو مستطیل خطہ پر دوہرا تکملات کے ہوتے ہیں۔ دائرہ کا
ر کی جمع پذیری کہتی ہے کہ[]
 []


Underfull \hbox (badness 4647) in paragraph at lines 347--348
[]\TU/JameelNooriNastaleeq(0)/b/n/10 اگر $\OML/zplm/m/it/10 R$ \TU/JameelNooriN
astaleeq(0)/b/n/10 کو ایسے دو خطوں $\OML/zplm/m/it/10 R[]$ \TU/JameelNooriNasta
leeq(0)/b/n/10 اور $\OML/zplm/m/it/10 R[]$ \TU/JameelNooriNastaleeq(0)/b/n/10 م
یں تقسیم کیا جائے جو ایک دوسرے کو نہ ڈھانپتے ہوں اور جن کی سرحدیں متناہی تعداد 
کے قطعات یا ہموار منحنیات[]
 []


Underfull \hbox (badness 10000) in paragraph at lines 352--353
[][]\TU/JameelNooriNastaleeq(0)/b/n/10 ہم $\OML/zplm/m/it/10 R$ \TU/JameelNoori
Nastaleeq(0)/b/n/10 پر استمراری اور مثبت $\OML/zplm/m/it/10 f$ \TU/JameelNooriN
astaleeq(0)/b/n/10 کی صورت میں $\OML/zplm/m/it/10 R$ \TU/JameelNooriNastaleeq(0
)/b/n/10 اور $\OML/zplm/m/it/10 z \OT1/zplm/m/n/10 = \OML/zplm/m/it/10 f\OT1/zp
lm/m/n/10 (\OML/zplm/m/it/10 x\OT1/ppl/m/n/10 , \OML/zplm/m/it/10 y\OT1/zplm/m/
n/10 )$ \TU/JameelNooriNastaleeq(0)/b/n/10 کے بیچ ٹھوس جسم کے حجم کی تعریف پہلے
 کی طرح اب بھی[]
 []

[8] [9]
Underfull \hbox (badness 10000) in paragraph at lines 466--467
[][]\TU/JameelNooriNastaleeq(0)/b/n/10 ہم نے دیکھا کہ مساوات ۹[] اور مساوات ۱۰[
] دونوں ، جو $\OML/zplm/m/it/10 R$ \TU/JameelNooriNastaleeq(0)/b/n/10 پر $\OML/
zplm/m/it/10 f$ \TU/JameelNooriNastaleeq(0)/b/n/10 کے دوہرے تکملات ہیں ، حجم دی
تے ہیں ۔ اس کی وجہ مسئلہ فوبینی کی درج ذیل زیادہ مضبوط[]
 []


Overfull \hbox (10.34018pt too wide) in paragraph at lines 491--511
 [][][][][][] 
 []

[10]
Underfull \hbox (badness 10000) in paragraph at lines 565--566
[][]\TU/JameelNooriNastaleeq(0)/b/n/10 اگرچہ مسئلہ فوبینی ہمیں یقین دلاتا ہے کہ
 دوہرے تکمل کی قیمت بارہا تکمل میں تکملات کسی بھی ترتیب سے لیتے ہوئے حاصل کی جا
 سکتی ہے، حقیقت میں ایک[]
 []

[11]
Underfull \hbox (badness 10000) in paragraph at lines 599--600
[][]\TU/JameelNooriNastaleeq(0)/b/n/10 قبل از وقت یہ جاننا ممکن نہیں کہ کس ترتی
ب سے تکمل لینے سے ہمیں آسانی ہو گی لہٰذا اس پر زیادہ مت سوچیں اور کسی ایک ترتیب
 سے حل کرنے کی کوشش[]
 []


Underfull \hbox (badness 10000) in paragraph at lines 628--628
[][]\TU/JameelNooriNastaleeq(2)/m/n/9 (ب) |خطہ $\OML/zplm/m/it/9 R$ \TU/JameelN
ooriNastaleeq(2)/m/n/9 میں جس نقطے پر انتصابی لکیر داخل اور خارج ہوتی ہے، ان کی
[]
 []


Underfull \hbox (badness 10000) in paragraph at lines 628--628
[]\TU/JameelNooriNastaleeq(2)/m/n/9 نشاندہی کریں۔یہی تکمل کی $\OML/zplm/m/it/9 
y$ \TU/JameelNooriNastaleeq(2)/m/n/9 حدود ہوں گی۔تمام انتصابی لکیروں کو شامل[]
 []


Underfull \hbox (badness 10000) in paragraph at lines 635--636
[]\TU/JameelNooriNastaleeq(0)/b/n/10 دوہرا تکمل کی قیمت کے حصول میں سب سے مشکل 
کام تکمل کی حدیں تلاش کرنا ہو سکتا ہے۔ خوش قسمتی سے ایک اچھا طریقہ کار موجود ہے
 جس پر ہم چل سکتے[]
 []


Underfull \hbox (badness 10000) in paragraph at lines 637--640
[]\TU/JameelNooriNastaleeq(0)/b/n/10 (ا)  خطہ $\OML/zplm/m/it/10 R$ \TU/JameelN
ooriNastaleeq(0)/b/n/10 پر $[][] \OML/zplm/m/it/10 f\OT1/zplm/m/n/10 (\OML/zplm
/m/it/10 x\OT1/ppl/m/n/10 , \OML/zplm/m/it/10 y\OT1/zplm/m/n/10 ) [] \OML/zplm/
m/it/10 S$ \TU/JameelNooriNastaleeq(0)/b/n/10 کی قیمت حاصل کرتے ہوئے پہلے $\OML
/zplm/m/it/10 y$ \TU/JameelNooriNastaleeq(0)/b/n/10 اور بعد میں $\OML/zplm/m/it
/10 x$ \TU/JameelNooriNastaleeq(0)/b/n/10 کے لحاظ سے تکمل لینے کے لیے درج ذیل ا
قدامات[]
 []


Underfull \hbox (badness 2334) in paragraph at lines 645--648
[][]\TU/JameelNooriNastaleeq(2)/m/n/9 تکمل کی $\OML/zplm/m/it/9 y$ \TU/JameelNo
oriNastaleeq(2)/m/n/9 حدیں: \TU/JameelNooriNastaleeq(0)/b/n/10 بڑھتے $\OML/zplm
/m/it/10 y$ \TU/JameelNooriNastaleeq(0)/b/n/10 کے رخ میں خطہ $\OML/zplm/m/it/10
 R$ \TU/JameelNooriNastaleeq(0)/b/n/10 سے گزرتا ہوا انتصابی خط $\OML/zplm/m/it/
10 L$ \TU/JameelNooriNastaleeq(0)/b/n/10 کھینچیں۔ جن مقامات پر $\OML/zplm/m/it/
10 L$ \TU/JameelNooriNastaleeq(0)/b/n/10 اس خطہ میں داخل اور اس سے خارج ہوتا[]
 []

[12]
Underfull \hbox (badness 10000) in paragraph at lines 656--658
[][]\TU/JameelNooriNastaleeq(0)/b/n/10 (ب)  اسی دوہرا تکمل کو بطور بارہا تکمل ح
ل کرتے ہوئے، ترتیب الٹ کرنے سے، انتصابی لکیروں کے بجائے افقی لکیریں استعمال کری
ں (شکل ۱.۱۳[])۔ تکمل[]
 []

Package pgfplots info on input line 691: fill between: activating layered graph
ics
\pgf@layerbox@axis background=\box146
\pgf@layerboxsaved@axis background=\box147
\pgf@layerbox@axis grid=\box148
\pgf@layerboxsaved@axis grid=\box149
\pgf@layerbox@axis ticks=\box150
\pgf@layerboxsaved@axis ticks=\box151
\pgf@layerbox@axis lines=\box152
\pgf@layerboxsaved@axis lines=\box153
\pgf@layerbox@axis tick labels=\box154
\pgf@layerboxsaved@axis tick labels=\box155
\pgf@layerbox@pre main=\box156
\pgf@layerboxsaved@pre main=\box157
\pgf@layerbox@axis descriptions=\box158
\pgf@layerboxsaved@axis descriptions=\box159
\pgf@layerbox@axis foreground=\box160
\pgf@layerboxsaved@axis foreground=\box161
Package pgfplots info on input line 691: Setting layers 'axis background,axis g
rid,axis ticks,axis lines,axis tick labels,pre main,main,axis descriptions,axis
 foreground'...
Package pgfplots info on input line 707: fill between: activating layered graph
ics
Package pgfplots info on input line 707: Setting layers 'axis background,axis g
rid,axis ticks,axis lines,axis tick labels,pre main,main,axis descriptions,axis
 foreground'...
[13] [14] [15] [16] [17]
Underfull \hbox (badness 1014) in paragraph at lines 1334--1336
[]\TU/JameelNooriNastaleeq(0)/b/n/10 سوال  ۱.۵۵: []تفاعل $\OML/zplm/m/it/10 f\O
T1/zplm/m/n/10 (\OML/zplm/m/it/10 x\OT1/ppl/m/n/10 , \OML/zplm/m/it/10 y\OT1/zp
lm/m/n/10 ) = \OML/zplm/m/it/10 x \OT1/zplm/m/n/10 + \OML/zplm/m/it/10 y$ \TU/J
ameelNooriNastaleeq(0)/b/n/10 اور خطہ $\OML/zplm/m/it/10 R$\TU/JameelNooriNasta
leeq(0)/b/n/10 ، جو نصف دائرہ $\OML/zplm/m/it/10 y \OT1/zplm/m/n/10 = []$ \TU/J
ameelNooriNastaleeq(0)/b/n/10 اور محور $\OML/zplm/m/it/10 x$ \TU/JameelNooriNas
taleeq(0)/b/n/10 کے بیچ ہے۔ خانہ بندی[]
 []

[18]
Underfull \hbox (badness 10000) in paragraph at lines 1409--1413
[] \TU/JameelNooriNastaleeq(0)/b/n/10 سوال  ۱.۶۳:  کیا استمراری تفاعل $\OML/zpl
m/m/it/10 f\OT1/zplm/m/n/10 (\OML/zplm/m/it/10 x\OT1/ppl/m/n/10 , \OML/zplm/m/i
t/10 y\OT1/zplm/m/n/10 )$ \TU/JameelNooriNastaleeq(0)/b/n/10 کا مستوی $\OML/zpl
m/m/it/10 xy$ \TU/JameelNooriNastaleeq(0)/b/n/10 میں مستطیل خطے پر تکمل کی ترتی
ب بدلتے ہوئے مختلف نتائج کا حصول ٹھیک ہو گا؟ اپنے[]
 []


Underfull \hbox (badness 10000) in paragraph at lines 1413--1417
[] \TU/JameelNooriNastaleeq(0)/b/n/10 سوال  ۱.۶۴:  ایک مثلث جس کے راس $\OT1/zpl
m/m/n/10 (\OT1/ppl/m/n/10 0, 1\OT1/zplm/m/n/10 )$\TU/JameelNooriNastaleeq(0)/b/
n/10 ، $\OT1/zplm/m/n/10 (\OT1/ppl/m/n/10 2, 0\OT1/zplm/m/n/10 )$\TU/JameelNoor
iNastaleeq(0)/b/n/10 ، اور $\OT1/zplm/m/n/10 (\OT1/ppl/m/n/10 1, 2\OT1/zplm/m/n
/10 )$ \TU/JameelNooriNastaleeq(0)/b/n/10 ہوں پر استمراری تفاعل $\OML/zplm/m/it
/10 f\OT1/zplm/m/n/10 (\OML/zplm/m/it/10 x\OT1/ppl/m/n/10 , \OML/zplm/m/it/10 y
\OT1/zplm/m/n/10 )$ \TU/JameelNooriNastaleeq(0)/b/n/10 کے دوہرا تکمل کی قیمت در
کار[]
 []

[19]
LaTeX Info: Redefining \rmfamily on input line 1468.
LaTeX Info: Redefining \sffamily on input line 1468.
LaTeX Info: Redefining \ttfamily on input line 1468.


LaTeX Warning: Reference `باب_تکمل_کا_استعمال' on page \farsidigits{20} undefin
ed on input line 1468.


Underfull \hbox (badness 10000) in paragraph at lines 1468--1469
[]\TU/JameelNooriNastaleeq(0)/b/n/10 اس حصے میں دوہرے تکملات استعمال کرتے ہوئے 
مستوی میں محدود خطوں کے رقبات اور ان خطوں پر باریک چادروں کی کمیت، معیار اثر، م
رکز کمیت، اور[]
 []


Underfull \hbox (badness 1968) in paragraph at lines 1468--1469
[]\TU/AASameerSagarNastaleeqBold(0)/m/n/10 حرکت دواری[][][][] []\TU/JameelNoori
Nastaleeq(0)/b/n/10 کے رداس معلوم کرنا دکھایا جائے گا۔ ان کا حساب باب [] کے حسا
ب کی طرح ہو گا لیکن اب ہم زیادہ قسم کی اشکال کے لیے حساب کر پائیں[]
 []


Underfull \hbox (badness 1253) in paragraph at lines 1474--1476
[]\TU/JameelNooriNastaleeq(0)/b/n/10 حاصل ہو گی۔یہ تخمینی طور پر $\OML/zplm/m/i
t/10 R$ \TU/JameelNooriNastaleeq(0)/b/n/10 کا رقبہ ہو گا۔ جوں جوں شکل ۱.۱۵[] می
ں $\OT1/zplm/m/n/10 ^^A\OML/zplm/m/it/10 x$ \TU/JameelNooriNastaleeq(0)/b/n/10 
اور $\OT1/zplm/m/n/10 ^^A\OML/zplm/m/it/10 y$ \TU/JameelNooriNastaleeq(0)/b/n/1
0 صفر کے قریب تر ہوتے جاتے ہیں توں توں $\OML/zplm/m/it/10 R$ \TU/JameelNooriNas
taleeq(0)/b/n/10 کے زیادہ سے زیادہ[]
 []

[20]
Overfull \hbox (6.69414pt too wide) in paragraph at lines 1506--1528
 [][][][][][][][] 
 []


Underfull \hbox (badness 10000) in paragraph at lines 1528--1528
[][]\TU/JameelNooriNastaleeq(0)/b/n/10 شكل ۱.۱۵: |خطے کا رقبہ تلاش کرنے میں پہل
ا قدم خطے کے اندرون کی[]
 []

Package pgfplots info on input line 1545: fill between: activating layered grap
hics
Package pgfplots info on input line 1545: Setting layers 'axis background,axis 
grid,axis ticks,axis lines,axis tick labels,pre main,main,axis descriptions,axi
s foreground'...

Underfull \hbox (badness 10000) in paragraph at lines 1556--1558
[]\TU/JameelNooriNastaleeq(0)/b/n/10 اگر ہم پہلے $\OML/zplm/m/it/10 x$ \TU/Jame
elNooriNastaleeq(0)/b/n/10 کے لحاظ سے تکمل لیں تب ہمیں اس خطہ کو $\OML/zplm/m/i
t/10 R[]$ \TU/JameelNooriNastaleeq(0)/b/n/10 اور $\OML/zplm/m/it/10 R[]$ \TU/Ja
meelNooriNastaleeq(0)/b/n/10 میں تقسیم کر کے درج ذیل دو علیحدہ علیحدہ تکملات کی
 ضرورت پیش آئے گی (شکل[]
 []

[21]
Package pgfplots info on input line 1591: fill between: activating layered grap
hics
Package pgfplots info on input line 1591: Setting layers 'axis background,axis 
grid,axis ticks,axis lines,axis tick labels,pre main,main,axis descriptions,axi
s foreground'...

Overfull \hbox (38.92902pt too wide) in paragraph at lines 1576--1593
 [][][][][][] 
 []

Package pgfplots info on input line 1608: fill between: activating layered grap
hics
Package pgfplots info on input line 1608: Setting layers 'axis background,axis 
grid,axis ticks,axis lines,axis tick labels,pre main,main,axis descriptions,axi
s foreground'...

Overfull \hbox (44.96286pt too wide) in paragraph at lines 1597--1610
 [][][][][][] 
 []


Underfull \hbox (badness 10000) in paragraph at lines 1613--1613
[][]\TU/JameelNooriNastaleeq(0)/b/n/10 شكل ۱.۱۷: |(ا) اگر ہم پہلے $\OML/zplm/m/
it/10 x$ \TU/JameelNooriNastaleeq(0)/b/n/10 کے لحاظ سے تکمل لیں تب رقبے کے حصول
 کے لیے دو تکملات کا مجموعہ درکار ہو گا۔ (ب) البتہ پہلے $\OML/zplm/m/it/10 y$ \
TU/JameelNooriNastaleeq(0)/b/n/10 کے لحاظ سے تکمل لیتے[]
 []


Underfull \hbox (badness 10000) in paragraph at lines 1618--1619
[]\TU/JameelNooriNastaleeq(0)/b/n/10 بند وقفے پر ایک متغیر کے قابل تکمل تفاعل ک
ی اوسط قیمت ، وقفے پر تفاعل کے تکمل کی قیمت کو وقفے کی لمبائی سے تقسیم کر کے حا
صل ہو گی۔ بند اور محدود خطہ پر،[]
 []


Underfull \hbox (badness 10000) in paragraph at lines 1618--1619
[]\TU/JameelNooriNastaleeq(0)/b/n/10 جس کا رقبہ قابل ناپ ہو، دو متغیرات کے معین
 قابل تکمل تفاعل کی اوسط قیمت اس خطہ پر تفاعل کے تکمل کی قیمت کو خطہ کے رقبے سے
 تقسیم کر کے حاصل ہو[]
 []


Underfull \hbox (badness 10000) in paragraph at lines 1621--1623
[]\TU/JameelNooriNastaleeq(0)/b/n/10 اگر خطہ $\OML/zplm/m/it/10 R$ \TU/JameelNo
oriNastaleeq(0)/b/n/10 پر باریک (پتلی) چادر کی سطحی کثافت $\OML/zplm/m/it/10 f$
 \TU/JameelNooriNastaleeq(0)/b/n/10 ہو تب $\OML/zplm/m/it/10 R$ \TU/JameelNoori
Nastaleeq(0)/b/n/10 پر $\OML/zplm/m/it/10 f$ \TU/JameelNooriNastaleeq(0)/b/n/10
 کے دوہرے تکمل کو $\OML/zplm/m/it/10 R$ \TU/JameelNooriNastaleeq(0)/b/n/10 کے ر
قبے سے تقسیم کرنے سے اس چادر کی اوسط کثافت[]
 []


Underfull \hbox (badness 10000) in paragraph at lines 1621--1623
[]\TU/JameelNooriNastaleeq(0)/b/n/10 حاصل ہو گی جس کی اکائی کمیت فی اکائی رقبہ 
ہو گی۔ اگر نقطہ $\OT1/zplm/m/n/10 (\OML/zplm/m/it/10 x\OT1/ppl/m/n/10 , \OML/zp
lm/m/it/10 y\OT1/zplm/m/n/10 )$ \TU/JameelNooriNastaleeq(0)/b/n/10 سے مقررہ نقط
ہ $\OML/zplm/m/it/10 N$ \TU/JameelNooriNastaleeq(0)/b/n/10 تک فاصلہ $\OML/zplm/
m/it/10 f\OT1/zplm/m/n/10 (\OML/zplm/m/it/10 x\OT1/ppl/m/n/10 , \OML/zplm/m/it/
10 y\OT1/zplm/m/n/10 )$ \TU/JameelNooriNastaleeq(0)/b/n/10 ہو تب $\OML/zplm/m/i
t/10 R$ \TU/JameelNooriNastaleeq(0)/b/n/10 پر $\OML/zplm/m/it/10 f$ \TU/JameelN
ooriNastaleeq(0)/b/n/10 کی اوسط قیمت[]
 []

[22]

LaTeX Warning: Reference `باب_تکمل_کا_استعمال' on page \farsidigits{23} undefin
ed on input line 1639.


Underfull \hbox (badness 10000) in paragraph at lines 1639--1640
[]\TU/JameelNooriNastaleeq(0)/b/n/10 باریک چادروں کی کمیت اور معیار اثر تلاش کر
نے کے لیے ہم باب [] کے کلیات کی طرح کلیات استعمال کرتے ہیں۔ فرق صرف اتنا ہے کہ 
دوہرے تکمل کی[]
 []

LaTeX Info: Redefining \rmfamily on input line 1641.
LaTeX Info: Redefining \sffamily on input line 1641.
LaTeX Info: Redefining \ttfamily on input line 1641.
LaTeX Info: Redefining \rmfamily on input line 1641.
LaTeX Info: Redefining \sffamily on input line 1641.
LaTeX Info: Redefining \ttfamily on input line 1641.
LaTeX Info: Redefining \rmfamily on input line 1641.
LaTeX Info: Redefining \sffamily on input line 1641.
LaTeX Info: Redefining \ttfamily on input line 1641.

Underfull \hbox (badness 10000) in paragraph at lines 1641--1642
[][]
 []

[23]
LaTeX Info: Redefining \rmfamily on input line 1670.
LaTeX Info: Redefining \sffamily on input line 1670.
LaTeX Info: Redefining \ttfamily on input line 1670.
LaTeX Info: Redefining \rmfamily on input line 1670.
LaTeX Info: Redefining \sffamily on input line 1670.
LaTeX Info: Redefining \ttfamily on input line 1670.
 [24]
Underfull \hbox (badness 10000) in paragraph at lines 1712--1712
[][]\TU/JameelNooriNastaleeq(0)/b/n/10 شكل ۱.۱۸: |گھومتے ہوئے دھرے میں ذخیرہ تو
انائی دریافت کرنے کی خاطر ہم اسے متعدد چھوٹی کمیتوں میں تقسیم کر کے تمام چھوٹی 
کمیتوں کی حرکی توانائیوں کا[]
 []


Underfull \hbox (badness 10000) in paragraph at lines 1719--1720
[][]\TU/JameelNooriNastaleeq(0)/b/n/10 اس دھرے کو متعدد چھوٹے ٹکڑوں میں تقسیم ک
ریں، جن کی کمیتیں $\OT1/zplm/m/n/10 ^^A\OML/zplm/m/it/10 m[]$ \TU/JameelNooriNa
staleeq(0)/b/n/10 ہوں، اور گھومنے کے محور سے $\OML/zplm/m/it/10 k$ \TU/JameelNo
oriNastaleeq(0)/b/n/10 ویں کمیتی ٹکڑے کا فاصلہ $\OML/zplm/m/it/10 r[]$ \TU/Jame
elNooriNastaleeq(0)/b/n/10 سے ظاہر[]
 []

[25]
Underfull \hbox (badness 10000) in paragraph at lines 1744--1745
[][]\TU/JameelNooriNastaleeq(0)/b/n/10 ایک دھرے کو ، جس کا جمودی معیار اثر $\OM
L/zplm/m/it/10 I$ \TU/JameelNooriNastaleeq(0)/b/n/10 ہو، کو $\OML/zplm/m/it/10 
!$ \TU/JameelNooriNastaleeq(0)/b/n/10 زاویاتی سرعت تک پہنچانے کے لیے $[]\OML/zp
lm/m/it/10 I![]$ \TU/JameelNooriNastaleeq(0)/b/n/10 حرکی توانائی درکار ہو گی او
ر اس رفتار پر چلتے ہوئے[]
 []


Underfull \hbox (badness 10000) in paragraph at lines 1744--1745
[]\TU/JameelNooriNastaleeq(0)/b/n/10 دھرے کو روکنے کے لیے ہمیں دھرے سے اتنی ہی 
حرکی توانائی نکالنی ہو گی۔ کمیت $\OML/zplm/m/it/10 m$ \TU/JameelNooriNastaleeq(
0)/b/n/10 کی گاڑی کو سرعت $\OML/zplm/m/it/10 v$ \TU/JameelNooriNastaleeq(0)/b/n
/10 تک پہنچانے کے لیے اس کو $[]\OML/zplm/m/it/10 mv[]$ \TU/JameelNooriNastaleeq
(0)/b/n/10 حرکی[]
 []


Underfull \hbox (badness 10000) in paragraph at lines 1744--1745
[]\TU/JameelNooriNastaleeq(0)/b/n/10 توانائی درکار ہو گی اور اس سرعت پر چلتی ہو
ئی گاڑی کو روکنے کے لیے گاڑی سے اتنی ہی حرکی توانائی نکالنی ہو گی۔ دھرے کا جمود
ی معیار اثر گاڑی کی کمیت کے[]
 []


Underfull \hbox (badness 10000) in paragraph at lines 1744--1745
[]\TU/JameelNooriNastaleeq(0)/b/n/10 مماثل ہے۔ گاڑی کی رفتار تیز یا کم کرنے کو 
گاڑی کی کمیت مشکل بناتی ہے۔اسی طرح دھرے کی زاویاتی رفتار تیز یا کم کرنے کو دھرے
 کا جمودی معیار اثر مشکل[]
 []


Underfull \hbox (badness 10000) in paragraph at lines 1746--1747
[][]\TU/JameelNooriNastaleeq(0)/b/n/10 بوجھ بردار افقی دھاتی شہتیر کا جھکاؤ بھی
 جمودی معیار اثر سے متعین ہوتا ہے۔ شہتیر کا اکڑ پن $\OML/zplm/m/it/10 I$ \TU/Ja
meelNooriNastaleeq(0)/b/n/10 کو ایک مستقل سے ضرب دینے سے حاصل ہوتا ہے، جہاں $\O
ML/zplm/m/it/10 I$[]
 []


Underfull \hbox (badness 10000) in paragraph at lines 1746--1747
[]\TU/JameelNooriNastaleeq(0)/b/n/10 شہتیر کی عمودی تراش کے رقبے کا طولی محور ک
ے لحاظ سے جمودی معیار اثر ہے۔ جمودی معیار اثر $\OML/zplm/m/it/10 I$ \TU/JameelN
ooriNastaleeq(0)/b/n/10 کی قیمت جتنی زیادہ ہو، شہتیر اتنا زیادہ اکڑا ہُوا ہو گا
 اور اتنا کم[]
 []


Underfull \hbox (badness 10000) in paragraph at lines 1746--1747
[]\TU/JameelNooriNastaleeq(0)/b/n/10 جھکے گا۔ یہی وجہ ہے کہ ہم شکل ۱.۱۹[]-ا میں
 دکھایا گیا شہتیر استعمال کرتے ہیں نہ کہ ایسا شہتیر جس کی عمودی تراش چوکور ہو (
شکل ۱.۱۹[]-ب)۔ شہتیر کی بالائی اور[]
 []


Underfull \hbox (badness 10000) in paragraph at lines 1748--1749
[][]\TU/JameelNooriNastaleeq(0)/b/n/10 جمودی معیار اثر کو سمجھنے کے لیے ایک تجر
بہ کریں۔ قلم کے دونوں سروں کے ساتھ ایک ایک سکہ چپکا کر قلم کو انگلیوں کے درمیان
 تیزی سے آگے پیچھے[]
 []


Underfull \hbox (badness 4479) in paragraph at lines 1791--1793
[]\TU/JameelNooriNastaleeq(0)/b/n/10 مثال  ۱.۸: []محور $\OML/zplm/m/it/10 x$\TU
/JameelNooriNastaleeq(0)/b/n/10 ، لکیر $\OML/zplm/m/it/10 x \OT1/zplm/m/n/10 = 
\OT1/ppl/m/n/10 1$ \TU/JameelNooriNastaleeq(0)/b/n/10 ، اور لکیر $\OML/zplm/m/i
t/10 y \OT1/zplm/m/n/10 = \OT1/ppl/m/n/10 2\OML/zplm/m/it/10 x$ \TU/JameelNoori
Nastaleeq(0)/b/n/10 کے درمیان تکونی چادر واقع ہے۔ نقطہ $\OT1/zplm/m/n/10 (\OML/
zplm/m/it/10 x\OT1/ppl/m/n/10 , \OML/zplm/m/it/10 y\OT1/zplm/m/n/10 )$ \TU/Jame
elNooriNastaleeq(0)/b/n/10 پر چادر کی سطحی کثافت[]
 []

[26] [27]
Overfull \hbox (0.92706pt too wide) in paragraph at lines 1843--1852
 [][][][][][][][] 
 []

Package pgfplots info on input line 1863: fill between: activating layered grap
hics
Package pgfplots info on input line 1863: Setting layers 'axis background,axis 
grid,axis ticks,axis lines,axis tick labels,pre main,main,axis descriptions,axi
s foreground'...
Package pgfplots info on input line 1863: the combination of 'axis on top' and 
'activate layers' implies 'set layers=axis on top'. Deactivate 'axis on top' if
 you want other layers.
Package pgfplots info on input line 1863: Setting layers 'axis background,pre m
ain,main,axis grid,axis ticks,axis lines,axis tick labels,axis descriptions,axi
s foreground'...
LaTeX Info: Redefining \rmfamily on input line 1872.
LaTeX Info: Redefining \sffamily on input line 1872.
LaTeX Info: Redefining \ttfamily on input line 1872.

Underfull \hbox (badness 10000) in paragraph at lines 1872--1873
[]\TU/JameelNooriNastaleeq(0)/b/n/10 مستقل کثافت کی صورت میں $[]$ اور $[]$ کے ک
لیات میں شمارکنندہ اور نسب نما میں کثافت کا مشترک جزو منسوخ ہو جاتا ہے، لہٰذا $
[]$ اور $[]$ کے حساب میں[]
 []


Underfull \hbox (badness 10000) in paragraph at lines 1872--1873
[]$\OML/zplm/m/it/10 ^^N$ \TU/JameelNooriNastaleeq(0)/b/n/10 کی قیمت $\OT1/ppl/
m/n/10 1$ \TU/JameelNooriNastaleeq(0)/b/n/10 لی جا سکتی ہے۔ یوں مستقل $\OML/zpl
m/m/it/10 ^^N$ \TU/JameelNooriNastaleeq(0)/b/n/10 کی صورت میں مرکز کمیت کا دارو
مدار جسم کی شکل و صورت پر ہو گا نہ کہ جسم کے مادّے پر۔ایسی صورت میں[]
 []

[28]
Underfull \hbox (badness 10000) in paragraph at lines 1894--1897
[]\TU/JameelNooriNastaleeq(0)/b/n/10 سوال ۱.۷۱[] تا سوال ۱.۷۸[] میں منحنیات اور
 لکیروں کے درمیان واقع خطے کا خاکہ بنا کر اس خطے کے رقبے کو دوہرے بارہا تکمل کی
 صورت میں لکھیں۔ اس تکمل[]
 []


Underfull \hbox (badness 10000) in paragraph at lines 1992--1993
[][]\TU/JameelNooriNastaleeq(0)/b/n/10 سوال ۱.۷۹[] تا سوال ۱.۸۴[] میں مستوی $\O
ML/zplm/m/it/10 xy$ \TU/JameelNooriNastaleeq(0)/b/n/10 میں خطوں کے رقبات کو تکم
ل یا تکملات کے مجموعوں کی صورت میں پیش کیا گیا ہے۔ ان خطوں کا خاکہ بنا کر[]
 []


Underfull \hbox (badness 10000) in paragraph at lines 1992--1993
[]\TU/JameelNooriNastaleeq(0)/b/n/10 سرحدی منحنیات پر ان کی مساواتیں لکھیں اور 
ان نقطوں کی نشاندہی کریں جہاں منحنیات ایک دوسرے کو قطع کرتی ہیں۔ اس کے بعد ان خ
طوں کے رقبے[]
 []

[29] [30]
Underfull \hbox (badness 1365) in paragraph at lines 2175--2179
[]\TU/JameelNooriNastaleeq(0)/b/n/10 ربع دوم میں محددی محور اور منحنی $\OML/zpl
m/m/it/10 y \OT1/zplm/m/n/10 = \OML/zplm/m/it/10 e[]$ \TU/JameelNooriNastaleeq(
0)/b/n/10 کے درمیان واقع خطے کا وسطانی مرکز تلاش کریں۔ (کمیت اور معیار اثر کے ک
لیات میں آپ کو غیر مناسب[]
 []

[31]
Underfull \hbox (badness 10000) in paragraph at lines 2335--2339
[]\TU/JameelNooriNastaleeq(0)/b/n/10 مستوی $\OML/zplm/m/it/10 xy$ \TU/JameelNoo
riNastaleeq(0)/b/n/10 میں ایک خطے پر کمیت $\OML/zplm/m/it/10 m$ \TU/JameelNoori
Nastaleeq(0)/b/n/10 کی باریک چادر واقع ہے۔ اس کے مرکز کمیت سے خط $\OML/zplm/m/i
t/10 L[]$ \TU/JameelNooriNastaleeq(0)/b/n/10 گزرتا ہے۔ خط $\OML/zplm/m/it/10 L[
]$ \TU/JameelNooriNastaleeq(0)/b/n/10 کے متوازی اور $\OML/zplm/m/it/10 h$ \TU/J
ameelNooriNastaleeq(0)/b/n/10 اکائی[]
 []


Underfull \hbox (badness 1484) in paragraph at lines 2335--2339
[]\TU/JameelNooriNastaleeq(0)/b/n/10 فاصلے پر خط $\OML/zplm/m/it/10 L$ \TU/Jame
elNooriNastaleeq(0)/b/n/10 واقع ہے۔ مسئلہ متوازی محور کہتا ہے کہ $\OML/zplm/m/i
t/10 L[]$ \TU/JameelNooriNastaleeq(0)/b/n/10 اور $\OML/zplm/m/it/10 L$ \TU/Jame
elNooriNastaleeq(0)/b/n/10 کے لحاظ سے بالترتیب جمودی معیار اثر $\OML/zplm/m/it/
10 I[]$ \TU/JameelNooriNastaleeq(0)/b/n/10 اور $\OML/zplm/m/it/10 I[]$ \TU/Jame
elNooriNastaleeq(0)/b/n/10 درج ذیل کلیہ کو مطمئن کریں[]
 []

[32]
Underfull \hbox (badness 10000) in paragraph at lines 2344--2346
[]\TU/JameelNooriNastaleeq(0)/b/n/10 (ا) دکھائیں کہ باریک چادر کے مرکز کمیت سے 
گزرنے والے خط کے لحاظ سے چادر کا جمودی معیار اثر اول صفر ہو گا۔ (اشارہ: مرکز کم
یت کو مبدا پر رکھیں اور خط[]
 []


LaTeX Warning: Reference `مثال_بالکثرت_تکون_رداس_دوار ' on page \farsidigits{33
} undefined on input line 2349.


Underfull \hbox (badness 10000) in paragraph at lines 2346--2350
[] \TU/JameelNooriNastaleeq(0)/b/n/10 سوال  ۱.۱۲۰:  (ا) مسئلہ متوازی محور اور م
ثال ۱.۸[] کے نتائج استعمال کرتے ہوئے مثال [] میں چادر کے مرکز کمیت سے گزرنے وال
ے افقی اور انتصابی خطوط[]
 []


LaTeX Warning: Reference `حصہ_استعمال_تکمل_بنیادی_نقش_دیگر_نمونی_استعمال' on pa
ge \farsidigits{33} undefined on input line 2353.


Underfull \hbox (badness 10000) in paragraph at lines 2350--2354
[]\TU/JameelNooriNastaleeq(0)/b/n/10 جناب پاپس نے حصہ [] کا مسئلہ پاپس بیان کیا
۔ اس کے علاوہ وہ جانتے تھے کہ ایک دوسرے کو نہ ڈھانپتے ہوئے دو مستوی خطوں کا وسط
انی مرکز ان خطوں کے[]
 []


Underfull \hbox (badness 10000) in paragraph at lines 2350--2354
[]\TU/JameelNooriNastaleeq(0)/b/n/10 وسطانی مراکز کو ملانے والی لکیر پر واقع ہو
تا ہے۔مستوی $\OML/zplm/m/it/10 xy$ \TU/JameelNooriNastaleeq(0)/b/n/10 میں ایک د
وسرے کو نہ ڈھانپتی ہوئی دو باریک چادریں $\OML/zplm/m/it/10 P[]$ \TU/JameelNoori
Nastaleeq(0)/b/n/10 اور $\OML/zplm/m/it/10 P[]$ \TU/JameelNooriNastaleeq(0)/b/n
/10 واقع ہیں، جن کی کمیت[]
 []

LaTeX Info: Redefining \rmfamily on input line 2357.
LaTeX Info: Redefining \sffamily on input line 2357.
LaTeX Info: Redefining \ttfamily on input line 2357.

Underfull \hbox (badness 7851) in paragraph at lines 2360--2362
[]\TU/JameelNooriNastaleeq(0)/b/n/10 یہ کلیہ بالخصوص وہاں فائدہ مند ہو گا جہاں 
غیر منظم شکل و صورت کی چادر کے حصوں کے وسطانی مراکز ہم ہندسہ سے علیحدہ علیحدہ ط
ور پر جانتے ہوں اور جہاں ہر[]
 []


Underfull \hbox (badness 10000) in paragraph at lines 2363--2365
[]\TU/JameelNooriNastaleeq(0)/b/n/10 سوال  ۱.۱۲۱:  کلیہ پاپس (مساوات ۱۱[]) اخذ 
کریں۔ (اشارہ: ربع اول میں ان خطوں کو ترسیم کر کے ان کے مراکز کمیت $\OT1/zplm/m/
n/10 ([]\OT1/ppl/m/n/10 , []\OT1/zplm/m/n/10 )$ \TU/JameelNooriNastaleeq(0)/b/n
/10 اور $\OT1/zplm/m/n/10 ([]\OT1/ppl/m/n/10 , []\OT1/zplm/m/n/10 )$[]
 []

[33]
Underfull \hbox (badness 2351) in paragraph at lines 2423--2427
[]\TU/JameelNooriNastaleeq(0)/b/n/10 دائرے کے باہر واقع ہے۔ $\OML/zplm/m/it/10 
T \OMS/zplm/m/n/10 [ \OML/zplm/m/it/10 D$ \TU/JameelNooriNastaleeq(0)/b/n/10 کا
 وسطانی مرکز (ا) $\OML/zplm/m/it/10 T$ \TU/JameelNooriNastaleeq(0)/b/n/10 اور $
\OML/zplm/m/it/10 D$ \TU/JameelNooriNastaleeq(0)/b/n/10 کی مشترک سرحد پر (ب) $\
OML/zplm/m/it/10 T$ \TU/JameelNooriNastaleeq(0)/b/n/10 کے اندر ہونے کے لیے $\OM
L/zplm/m/it/10 a$ \TU/JameelNooriNastaleeq(0)/b/n/10 اور $\OML/zplm/m/it/10 h$ 
\TU/JameelNooriNastaleeq(0)/b/n/10 کا تعلق دریافت[]
 []


Underfull \hbox (badness 4556) in paragraph at lines 2427--2437
[]\TU/JameelNooriNastaleeq(0)/b/n/10 ایک دوسرے کو نہیں ڈھانپتے۔) $\OML/zplm/m/i
t/10 T \OMS/zplm/m/n/10 [ \OML/zplm/m/it/10 Q$ \TU/JameelNooriNastaleeq(0)/b/n/
10 کا وسطانی مرکز مثلث کے قاعدہ پر رکھنے کی خاطر $\OML/zplm/m/it/10 h$ \TU/Jame
elNooriNastaleeq(0)/b/n/10 کا $\OML/zplm/m/it/10 s$ \TU/JameelNooriNastaleeq(0)
/b/n/10 کے ساتھ کیا تعلق ہو نا چاہیے؟ اپنے جواب کا موازنہ[]
 []


Underfull \hbox (badness 10000) in paragraph at lines 2445--2446
[]\TU/JameelNooriNastaleeq(0)/b/n/10 بعض اوقات تکمل کو قطبی روپ میں تبدیل کرنے 
سے اس کا حل آسان ہو جاتا ہے۔اس حصہ میں یہ تبدیلی دکھائی جائے گی اور ان تکملات ک
ی قیمت کا حصول[]
 []


Underfull \hbox (badness 10000) in paragraph at lines 2448--2449
[]\TU/JameelNooriNastaleeq(0)/b/n/10 مستوی $\OML/zplm/m/it/10 xy$ \TU/JameelNoo
riNastaleeq(0)/b/n/10 میں دوہرا تکمل کا ذکر کرتے ہوئے ہم نے خطہ $\OML/zplm/m/it
/10 R$ \TU/JameelNooriNastaleeq(0)/b/n/10 کو مستطیلی ٹکڑوں میں اس طرح کاٹا کہ م
ستطیل کے اضلاع محددی محوروں کے متوازی[]
 []


Underfull \hbox (badness 10000) in paragraph at lines 2448--2449
[]\TU/JameelNooriNastaleeq(0)/b/n/10 ہوں۔اس طرح ان مستطیلوں کے اضلاع مستقل $\OM
L/zplm/m/it/10 x$ \TU/JameelNooriNastaleeq(0)/b/n/10 اور یا مستقل $\OML/zplm/m/
it/10 y$ \TU/JameelNooriNastaleeq(0)/b/n/10 لکھے جا سکتے ہیں۔ کارتیسی محدد میں 
مستطیل قدرتی صورت ہے۔ قطبی محددی نظام میں[]
 []


Underfull \vbox (badness 2020) has occurred while \output is active []

 [34]
Overfull \hbox (4.9625pt too wide) in paragraph at lines 2456--2487
 [][][][][][][][] 
 []


Overfull \hbox (12.39792pt too wide) in paragraph at lines 2492--2513
 [][][][][][][][] 
 []


Underfull \hbox (badness 10000) in paragraph at lines 2513--2513
[][]\TU/JameelNooriNastaleeq(0)/b/n/10 شكل ۱.۲۴: |سایہ دار خطے کا رقبہ $\OT1/zp
lm/m/n/10 ^^A\OML/zplm/m/it/10 S[]$[]
 []


Underfull \hbox (badness 10000) in paragraph at lines 2513--2513
[]\TU/JameelNooriNastaleeq(0)/b/n/10 حاصل کرنے کے لیے بڑے خطے سے چھوٹے[]
 []


Underfull \hbox (badness 10000) in paragraph at lines 2518--2519
[][]\TU/JameelNooriNastaleeq(0)/b/n/10 ہم $\OML/zplm/m/it/10 Q$ \TU/JameelNoori
Nastaleeq(0)/b/n/10 پر دائری قوسین اور شعاعوں کا جال بچھاتے ہیں۔ یہ قوسین ان دا
ئروں سے کاٹے جاتے ہیں جن کا مرکز مبدا پر ہے اور جن کے رداس $\OT1/zplm/m/n/10 ^^
A\OML/zplm/m/it/10 r$\TU/JameelNooriNastaleeq(0)/b/n/10 ، $\OT1/ppl/m/n/10 2\OT
1/zplm/m/n/10 ^^A\OML/zplm/m/it/10 r$\TU/JameelNooriNastaleeq(0)/b/n/10 ،[]
 []


Underfull \hbox (badness 10000) in paragraph at lines 2524--2525
[][]\TU/JameelNooriNastaleeq(0)/b/n/10 ہم ان قطبی مستطیلوں کو $\OT1/ppl/m/n/10 
1$ \TU/JameelNooriNastaleeq(0)/b/n/10 تا $\OML/zplm/m/it/10 n$ \TU/JameelNooriN
astaleeq(0)/b/n/10 کی شمار سے ظاہر کرتے ہیں جو مکمل طور پر $\OML/zplm/m/it/10 R
$ \TU/JameelNooriNastaleeq(0)/b/n/10 کے اندر پائے جاتے ہوں اور ان کے رقبوں کو $
\OT1/zplm/m/n/10 ^^A\OML/zplm/m/it/10 S[]$\TU/JameelNooriNastaleeq(0)/b/n/10 ، 
$\OT1/zplm/m/n/10 ^^A\OML/zplm/m/it/10 S[]$\TU/JameelNooriNastaleeq(0)/b/n/10 ،
 $[] $،[]
 []


Underfull \hbox (badness 10000) in paragraph at lines 2524--2525
[]$\OT1/zplm/m/n/10 ^^A\OML/zplm/m/it/10 S[]$ \TU/JameelNooriNastaleeq(0)/b/n/1
0 سے ظاہر کرتے ہیں۔ شمار کرنے کی ترتیب غیر ضروری ہے۔ ہم $\OT1/zplm/m/n/10 ^^A\O
ML/zplm/m/it/10 S[]$ \TU/JameelNooriNastaleeq(0)/b/n/10 رقبے کی قطبی مستطیل کے 
مرکز کو $\OT1/zplm/m/n/10 (\OML/zplm/m/it/10 r[]\OT1/ppl/m/n/10 , \OML/zplm/m/i
t/10 ^^R[]\OT1/zplm/m/n/10 )$ \TU/JameelNooriNastaleeq(0)/b/n/10 سے ظاہر کرتے ہ
یں۔ قطبی[]
 []


Underfull \hbox (badness 10000) in paragraph at lines 2524--2525
[]\TU/JameelNooriNastaleeq(0)/b/n/10 مستطیل کے مرکز سے مراد وہ نقطہ ہے جو دونوں
 دائری قوسین کے اوسط رداس کی قوس اور اس شعاع پر پایا جاتا ہو جو دونوں قوسین کو 
درمیان سے کاٹتی ہو۔ ہم[]
 []


Underfull \hbox (badness 10000) in paragraph at lines 2527--2529
[]\TU/JameelNooriNastaleeq(0)/b/n/10 اگر پورے $\OML/zplm/m/it/10 R$ \TU/JameelN
ooriNastaleeq(0)/b/n/10 پر $\OML/zplm/m/it/10 f$ \TU/JameelNooriNastaleeq(0)/b/
n/10 استمراری ہو، تب جال کے خانے چھوٹے سے چھوٹے کر کے $\OT1/zplm/m/n/10 ^^A\OML
/zplm/m/it/10 r$ \TU/JameelNooriNastaleeq(0)/b/n/10 اور $\OT1/zplm/m/n/10 ^^A\O
ML/zplm/m/it/10 ^^R$ \TU/JameelNooriNastaleeq(0)/b/n/10 کو صفر تک پہنچانے سے یہ
 مجموعہ ایک حد تک پہنچتا ہے۔ یہ[]
 []

[35]
Underfull \hbox (badness 10000) in paragraph at lines 2533--2534
[][]\TU/JameelNooriNastaleeq(0)/b/n/10 اس حد کی قیمت تلاش کرنے کی خاطر ہمیں مجم
وعہ $\OML/zplm/m/it/10 J[]$ \TU/JameelNooriNastaleeq(0)/b/n/10 یوں لکھنا ہو گا 
کہ $\OT1/zplm/m/n/10 ^^A\OML/zplm/m/it/10 S[]$ \TU/JameelNooriNastaleeq(0)/b/n/
10 کی قیمت $\OT1/zplm/m/n/10 ^^A\OML/zplm/m/it/10 r$ \TU/JameelNooriNastaleeq(0
)/b/n/10 اور $\OT1/zplm/m/n/10 ^^A\OML/zplm/m/it/10 ^^R$ \TU/JameelNooriNastale
eq(0)/b/n/10 کی روپ میں ہو۔ رقبہ $\OT1/zplm/m/n/10 ^^A\OML/zplm/m/it/10 S[]$ \T
U/JameelNooriNastaleeq(0)/b/n/10 کی اندرونی قوسی[]
 []


Overfull \hbox (7.59038pt too wide) in paragraph at lines 2564--2571
 [][][][][][] 
 []


Overfull \hbox (25.5453pt too wide) in paragraph at lines 2575--2588
 [][][][][][] 
 []


Overfull \hbox (17.3082pt too wide) in paragraph at lines 2592--2605
 [][][][][][] 
 []


Underfull \hbox (badness 10000) in paragraph at lines 2613--2615
[]\TU/JameelNooriNastaleeq(0)/b/n/10 قطبی محدد میں خطہ $\OML/zplm/m/it/10 R$ \T
U/JameelNooriNastaleeq(0)/b/n/10 پر $[][] \OML/zplm/m/it/10 f\OT1/zplm/m/n/10 (
\OML/zplm/m/it/10 r\OT1/ppl/m/n/10 , \OML/zplm/m/it/10 ^^R\OT1/zplm/m/n/10 ) []
 \OML/zplm/m/it/10 S$ \TU/JameelNooriNastaleeq(0)/b/n/10 کی قیمت حاصل کرنے کے ل
یے پہلے $\OML/zplm/m/it/10 r$ \TU/JameelNooriNastaleeq(0)/b/n/10 کے لحاظ سے اور
 بعد میں $\OML/zplm/m/it/10 ^^R$ \TU/JameelNooriNastaleeq(0)/b/n/10 کے لحاظ سے 
تکمل لیتے ہوئے ہمیں[]
 []


Underfull \hbox (badness 10000) in paragraph at lines 2620--2623
[][]\TU/JameelNooriNastaleeq(2)/m/n/9 تکمل کی $\OML/zplm/m/it/9 r$ \TU/JameelNo
oriNastaleeq(2)/m/n/9 حدیں: \TU/JameelNooriNastaleeq(0)/b/n/10 مبدا سے بڑھتی ہو
ئی $\OML/zplm/m/it/10 r$ \TU/JameelNooriNastaleeq(0)/b/n/10 کے رخ خطہ $\OML/zpl
m/m/it/10 R$ \TU/JameelNooriNastaleeq(0)/b/n/10 سے گزرتا ہوا شعاع $\OML/zplm/m/
it/10 L$ \TU/JameelNooriNastaleeq(0)/b/n/10 کھینچیں۔ جن مقامات پر $\OML/zplm/m/
it/10 L$ \TU/JameelNooriNastaleeq(0)/b/n/10 اس خطہ میں داخل اور اس سے[]
 []

[36]
Underfull \hbox (badness 10000) in paragraph at lines 2636--2637
[][]
 []

NOTE: coordinate (1Y4.875e1],3Y0.0e0]) has been dropped because it is unbounded
 (in y). (see also unbounded coords=jump). 
NOTE: coordinate (1Y5.25e1],3Y0.0e0]) has been dropped because it is unbounded 
(in y). (see also unbounded coords=jump). 
NOTE: coordinate (1Y5.625e1],3Y0.0e0]) has been dropped because it is unbounded
 (in y). (see also unbounded coords=jump). 
NOTE: coordinate (1Y6.0e1],3Y0.0e0]) has been dropped because it is unbounded (
in y). (see also unbounded coords=jump). 
NOTE: coordinate (1Y6.375e1],3Y0.0e0]) has been dropped because it is unbounded
 (in y). (see also unbounded coords=jump). 
NOTE: coordinate (1Y6.75e1],3Y0.0e0]) has been dropped because it is unbounded 
(in y). (see also unbounded coords=jump). 
NOTE: coordinate (1Y7.125e1],3Y0.0e0]) has been dropped because it is unbounded
 (in y). (see also unbounded coords=jump). 
NOTE: coordinate (1Y7.5e1],3Y0.0e0]) has been dropped because it is unbounded (
in y). (see also unbounded coords=jump). 
NOTE: coordinate (1Y7.875e1],3Y0.0e0]) has been dropped because it is unbounded
 (in y). (see also unbounded coords=jump). 
NOTE: coordinate (1Y8.25e1],3Y0.0e0]) has been dropped because it is unbounded 
(in y). (see also unbounded coords=jump). 
NOTE: coordinate (1Y8.625e1],3Y0.0e0]) has been dropped because it is unbounded
 (in y). (see also unbounded coords=jump). 
NOTE: coordinate (1Y9.0e1],3Y0.0e0]) has been dropped because it is unbounded (
in y). (see also unbounded coords=jump). 
NOTE: coordinate (1Y9.0e1],3Y0.0e0]) has been dropped because it is unbounded (
in y). (see also unbounded coords=jump). 
NOTE: coordinate (1Y1.0125e2],3Y0.0e0]) has been dropped because it is unbounde
d (in y). (see also unbounded coords=jump). 
NOTE: coordinate (1Y1.125e2],3Y0.0e0]) has been dropped because it is unbounded
 (in y). (see also unbounded coords=jump). 
NOTE: coordinate (1Y1.2375e2],3Y0.0e0]) has been dropped because it is unbounde
d (in y). (see also unbounded coords=jump). 
NOTE: coordinate (1Y2.3625e2],3Y0.0e0]) has been dropped because it is unbounde
d (in y). (see also unbounded coords=jump). 
NOTE: coordinate (1Y2.475e2],3Y0.0e0]) has been dropped because it is unbounded
 (in y). (see also unbounded coords=jump). 
NOTE: coordinate (1Y2.5875e2],3Y0.0e0]) has been dropped because it is unbounde
d (in y). (see also unbounded coords=jump). 
NOTE: coordinate (1Y2.7e2],3Y0.0e0]) has been dropped because it is unbounded (
in y). (see also unbounded coords=jump). 
NOTE: coordinate (1Y2.8125e2],3Y0.0e0]) has been dropped because it is unbounde
d (in y). (see also unbounded coords=jump). 
NOTE: coordinate (1Y2.925e2],3Y0.0e0]) has been dropped because it is unbounded
 (in y). (see also unbounded coords=jump). 
NOTE: coordinate (1Y3.0375e2],3Y0.0e0]) has been dropped because it is unbounde
d (in y). (see also unbounded coords=jump). 

Overfull \hbox (32.77736pt too wide) in paragraph at lines 2679--2694
 [][][][][][][][] 
 []


Underfull \hbox (badness 10000) in paragraph at lines 2694--2694
[][]\TU/JameelNooriNastaleeq(0)/b/n/10 شكل ۱.۲۷: |تکمل کی قیمت کے حصول میں ہم $
\OML/zplm/m/it/10 r$ \TU/JameelNooriNastaleeq(0)/b/n/10 کو $\OT1/ppl/m/n/10 0$ 
\TU/JameelNooriNastaleeq(0)/b/n/10 تا[]
 []

[37]
Underfull \hbox (badness 10000) in paragraph at lines 2712--2714
[]\TU/JameelNooriNastaleeq(0)/b/n/10 ہم دو چشمہ کا خاکہ بنا کر تکمل کی حدیں معل
وم کرتے ہیں (شکل ۱.۲۷[])۔ہم دیکھتے ہیں کہ ربع اول میں دو چشمہ کے رقبہ کو $\OT1/
ppl/m/n/10 4$ \TU/JameelNooriNastaleeq(0)/b/n/10 سے ضرب دے کر پورا رقبہ حاصل[]
 []

[38]

LaTeX Warning: Reference `باب_تکمل' on page \farsidigits{39} undefined on input
 line 2734.


Underfull \hbox (badness 10000) in paragraph at lines 2733--2735
[]\TU/JameelNooriNastaleeq(0)/b/n/10 یہ باب [] میں ترکیب بدل کی طرح ہے البتہ یہ
اں ایک کے بجائے دو متغیرات ہیں۔دھیان رہے کہ $[] \OML/zplm/m/it/10 x [] y$ \TU/J
ameelNooriNastaleeq(0)/b/n/10 کی جگہ $[] \OML/zplm/m/it/10 r [] ^^R$ \TU/Jameel
NooriNastaleeq(0)/b/n/10 نہیں بلکہ $\OML/zplm/m/it/10 r [] r [] ^^R$[]
 []


Underfull \hbox (badness 10000) in paragraph at lines 2754--2756
[]\TU/JameelNooriNastaleeq(0)/b/n/10 حاصل کرتے ہیں۔قطبی محدد میں تکمل اتنا آسان
 کیوں ہوا۔ ایک وجہ یہ ہے کہ $\OML/zplm/m/it/10 x[] \OT1/zplm/m/n/10 + \OML/zplm
/m/it/10 y[]$ \TU/JameelNooriNastaleeq(0)/b/n/10 سادہ صورت $\OML/zplm/m/it/10 r
[]$ \TU/JameelNooriNastaleeq(0)/b/n/10 اختیار کرتا ہے۔ دوسری وجہ یہ کہ تکمل کی[
]
 []


Overfull \hbox (1.93628pt too wide) in paragraph at lines 2762--2770
 [][][][][][][][] 
 []


Overfull \hbox (14.51447pt too wide) in paragraph at lines 2775--2783
 [][][][][][][][] 
 []

[39]
Underfull \hbox (badness 10000) in paragraph at lines 2794--2796
[]\TU/JameelNooriNastaleeq(0)/b/n/10 کارتیسی محدد میں یہ تکمل غیر بنیادی ہے اور
 $\OML/zplm/m/it/10 e[]$ \TU/JameelNooriNastaleeq(0)/b/n/10 کا $\OML/zplm/m/it/
10 x$ \TU/JameelNooriNastaleeq(0)/b/n/10 یا $\OML/zplm/m/it/10 y$ \TU/JameelNoo
riNastaleeq(0)/b/n/10 کے لحاظ سے تکمل، سیدھا طریقے سے، حاصل نہیں کیا جا سکتا ہے
۔ اس کے باوجود یہ تکمل[]
 []


Underfull \vbox (badness 4981) has occurred while \output is active []

 [40]
[41] [42]

LaTeX Warning: Reference `حصہ_تکمل_کی_ترکیب_غیر_مناسب_تکمل' on page \farsidigit
s{43} undefined on input line 3073.


LaTeX Warning: Reference `سوال_تراکیب_تکمل_تفاعل_خلل_اندازاً_قیمت_درکار' on pag
e \farsidigits{43} undefined on input line 3073.


Underfull \hbox (badness 10000) in paragraph at lines 3107--3111
[]\TU/JameelNooriNastaleeq(0)/b/n/10 فاصلہ کو $\OML/zplm/m/it/10 d$ \TU/JameelN
ooriNastaleeq(0)/b/n/10 سے ظاہر کریں۔ دائرہ میں محیط خطہ پر $\OML/zplm/m/it/10 
d[]$ \TU/JameelNooriNastaleeq(0)/b/n/10 کی اوسط قیمت تلاش کریں۔ (اشارہ: دائرے ک
ے مرکز کو مبدا پر اور $\OML/zplm/m/it/10 N[]$ \TU/JameelNooriNastaleeq(0)/b/n/1
0 کو محور $\OML/zplm/m/it/10 x$ \TU/JameelNooriNastaleeq(0)/b/n/10 پر رکھ کر اپ
نے[]
 []

[43]

LaTeX Warning: Reference `حصہ_استعمال_تکمل_بنیادی_نقش_دیگر_نمونی_استعمال' on pa
ge \farsidigits{44} undefined on input line 3124.


LaTeX Warning: Reference `سوال_تکمل_استعمال_وسطانی_مرکز_درکار_الف' on page \far
sidigits{44} undefined on input line 3124.


Underfull \hbox (badness 3168) in paragraph at lines 3123--3125
[]\TU/JameelNooriNastaleeq(0)/b/n/10 (ا) اس تکمل کے خطہ کا خاکہ بنائیں۔ (ب) پاپ
س کے ایک مسئلہ اور حصہ [] میں سوال [] میں وسطانی مرکز کی معلومات استعمال کرتے ہ
وئے اس خطہ کو محور $\OML/zplm/m/it/10 x$[]
 []


Underfull \hbox (badness 10000) in paragraph at lines 3125--3129
[]\TU/JameelNooriNastaleeq(0)/b/n/10 سوال ۱.۱۶۹[] تا سوال ۱.۱۷۲[] میں کمپیوٹر ا
ستعمال کرتے ہوئے کارتیسی تکملات کو قطبی تکملات میں تبدیل کر کے ان قطبی تکملات ک
ی قیمتیں تلاش کریں۔ آپ کو[]
 []


LaTeX Warning: Reference `باب_سمتی_میدان_میں_تکمل' on page \farsidigits{44} und
efined on input line 3159.


Underfull \hbox (badness 10000) in paragraph at lines 3159--3160
[]\TU/JameelNooriNastaleeq(0)/b/n/10 ہم تہرا تکملات کی مدد سے تین بُعدی اجسام ک
ے حجم، کمیت اور معیار اثر اور تین متغیری تفاعل کی اوسط قیمت معلوم کرتے ہیں۔ باب
 [] میں ہم دیکھیں گے کہ[]
 []


Underfull \hbox (badness 10000) in paragraph at lines 3162--3163
[]\TU/JameelNooriNastaleeq(0)/b/n/10 فرض کریں فضا میں بند محدود خطہ $\OML/zplm/
m/it/10 D$ \TU/JameelNooriNastaleeq(0)/b/n/10 پر تفاعل $\OML/zplm/m/it/10 F\OT1
/zplm/m/n/10 (\OML/zplm/m/it/10 x\OT1/ppl/m/n/10 , \OML/zplm/m/it/10 y\OT1/ppl/
m/n/10 , \OML/zplm/m/it/10 z\OT1/zplm/m/n/10 )$ \TU/JameelNooriNastaleeq(0)/b/n
/10 معین ہے، تب $\OML/zplm/m/it/10 D$ \TU/JameelNooriNastaleeq(0)/b/n/10 پر تکم
ل $\OML/zplm/m/it/10 F$ \TU/JameelNooriNastaleeq(0)/b/n/10 کی تعریف کچھ یوں ہو 
گی۔ہم ایک مستطیل خطہ جس[]
 []


Underfull \hbox (badness 10000) in paragraph at lines 3162--3163
[]\TU/JameelNooriNastaleeq(0)/b/n/10 میں $\OML/zplm/m/it/10 D$ \TU/JameelNooriN
astaleeq(0)/b/n/10 پایا جاتا ہو کو محددی مستویات کے متوازی مستویات سے مستطیل خا
نوں میں تقسیم کرتے ہیں (شکل ۱.۳۰[]-ا)۔ ہم $\OML/zplm/m/it/10 D$ \TU/JameelNoori
Nastaleeq(0)/b/n/10 کے اندر پائے جانے والے[]
 []


Underfull \hbox (badness 7238) in paragraph at lines 3162--3163
[]\TU/JameelNooriNastaleeq(0)/b/n/10 خانوں کو (کسی بھی ترتیب سے) $\OT1/ppl/m/n/
10 1$ \TU/JameelNooriNastaleeq(0)/b/n/10 تا $\OML/zplm/m/it/10 n$ \TU/JameelNoo
riNastaleeq(0)/b/n/10 کی شمار سے ظاہر کرتے ہیں۔ یوں ایک علامتی مستطیل خانے کے ا
ضلاع $\OT1/zplm/m/n/10 ^^A\OML/zplm/m/it/10 x[]$\TU/JameelNooriNastaleeq(0)/b/n
/10 ، $\OT1/zplm/m/n/10 ^^A\OML/zplm/m/it/10 y[]$ \TU/JameelNooriNastaleeq(0)/b
/n/10 اور $\OT1/zplm/m/n/10 ^^A\OML/zplm/m/it/10 z[]$ \TU/JameelNooriNastaleeq(
0)/b/n/10 جبکہ اس کا حجم[]
 []

[44]
Underfull \hbox (badness 10000) in paragraph at lines 3165--3167
[]\TU/JameelNooriNastaleeq(0)/b/n/10 اگر $\OML/zplm/m/it/10 F$ \TU/JameelNooriN
astaleeq(0)/b/n/10 استمراری ہو اور $\OML/zplm/m/it/10 D$ \TU/JameelNooriNastale
eq(0)/b/n/10 کی تحدیدی سطح ہموار سطحوں پر مشتمل ہو جو ایک دوسرے کے ساتھ استمرار
ی منحنیات میں جڑتے ہوں، تب جوں جوں[]
 []

LaTeX Info: Redefining \rmfamily on input line 3170.
LaTeX Info: Redefining \sffamily on input line 3170.
LaTeX Info: Redefining \ttfamily on input line 3170.

Overfull \hbox (1.91193pt too wide) in paragraph at lines 3175--3191
 [][][][][][] 
 []


Underfull \hbox (badness 10000) in paragraph at lines 3191--3191
[][]\TU/JameelNooriNastaleeq(2)/m/n/9 (ا) |ایک حجم جس میں $\OML/zplm/m/it/9 D$ 
\TU/JameelNooriNastaleeq(2)/m/n/9 پایا جاتا ہے کو محددی مستویات کے متوازی سطحوں
[]
 []

[45]
Underfull \hbox (badness 10000) in paragraph at lines 3242--3243
[][]\TU/JameelNooriNastaleeq(0)/b/n/10 جوں جوں $\OT1/zplm/m/n/10 ^^A\OML/zplm/m
/it/10 x[]$\TU/JameelNooriNastaleeq(0)/b/n/10 ، $\OT1/zplm/m/n/10 ^^A\OML/zplm/
m/it/10 y[]$\TU/JameelNooriNastaleeq(0)/b/n/10 ، اور $\OT1/zplm/m/n/10 ^^A\OML/
zplm/m/it/10 z[]$ \TU/JameelNooriNastaleeq(0)/b/n/10 صفر تک پہنچتے ہیں توں توں 
$\OT1/zplm/m/n/10 ^^A\OML/zplm/m/it/10 H[]$ \TU/JameelNooriNastaleeq(0)/b/n/10 
جسامت میں چھوٹے اور تعداد میں زیادہ ہوتے جاتے ہیں اور $\OML/zplm/m/it/10 D$ \TU
/JameelNooriNastaleeq(0)/b/n/10 کے زیادہ[]
 []

LaTeX Info: Redefining \rmfamily on input line 3248.
LaTeX Info: Redefining \sffamily on input line 3248.
LaTeX Info: Redefining \ttfamily on input line 3248.

Overfull \hbox (55.66061pt too wide) in paragraph at lines 3263--3292
 [][][][][][] 
 []


Overfull \hbox (58.03262pt too wide) in paragraph at lines 3296--3326
 [][][][][][] 
 []


Overfull \hbox (29.98851pt too wide) in paragraph at lines 3330--3365
 [][][][][][] 
 []


Underfull \hbox (badness 10000) in paragraph at lines 3258--3370
[]\TU/JameelNooriNastaleeq(0)/b/n/10 ہم تہرا تکمل کی تعریف سے اس کی قیمت شاذ و 
نادر حاصل کرتے ہیں۔ اس کے بجائے ہم مسئلہ فوبینی کی تین بُعدی روپ استعمال کرتے ہ
وئے تین بار ایک گنا[]
 []

[46]
Underfull \hbox (badness 10000) in paragraph at lines 3378--3381
[][]\TU/JameelNooriNastaleeq(2)/m/n/9 خاکہ: \TU/JameelNooriNastaleeq(0)/b/n/10 
خطہ $\OML/zplm/m/it/10 D$ \TU/JameelNooriNastaleeq(0)/b/n/10 کا خاکہ بنائیں اور
 مستوی $\OML/zplm/m/it/10 xy$ \TU/JameelNooriNastaleeq(0)/b/n/10 پر اس کا انتصا
بی سایہ $\OML/zplm/m/it/10 R$ \TU/JameelNooriNastaleeq(0)/b/n/10 دکھائیں۔ خطہ $
\OML/zplm/m/it/10 D$ \TU/JameelNooriNastaleeq(0)/b/n/10 کی بالائی اور زیریں تحد
یدی سطحوں کی نشاندہی کریں اور[]
 []


Underfull \hbox (badness 10000) in paragraph at lines 3381--3384
[][]\TU/JameelNooriNastaleeq(2)/m/n/9 تکمل کی $\OML/zplm/m/it/9 z$ \TU/JameelNo
oriNastaleeq(2)/m/n/9 حدیں: \TU/JameelNooriNastaleeq(0)/b/n/10 خطہ $\OML/zplm/m
/it/10 R$ \TU/JameelNooriNastaleeq(0)/b/n/10 میں علامتی نقطہ $\OT1/zplm/m/n/10 
(\OML/zplm/m/it/10 x\OT1/ppl/m/n/10 , \OML/zplm/m/it/10 y\OT1/zplm/m/n/10 )$ \T
U/JameelNooriNastaleeq(0)/b/n/10 سے محور $\OML/zplm/m/it/10 z$ \TU/JameelNooriN
astaleeq(0)/b/n/10 کے متوازی لکیر $\OML/zplm/m/it/10 M$ \TU/JameelNooriNastalee
q(0)/b/n/10 کھینچیں۔ بڑھتے $\OML/zplm/m/it/10 z$ \TU/JameelNooriNastaleeq(0)/b/
n/10 رک چلتے ہوئے، یہ لکیر[]
 []


Underfull \hbox (badness 1152) in paragraph at lines 3381--3384
[]$\OML/zplm/m/it/10 z \OT1/zplm/m/n/10 = \OML/zplm/m/it/10 f[]\OT1/zplm/m/n/10
 (\OML/zplm/m/it/10 x\OT1/ppl/m/n/10 , \OML/zplm/m/it/10 y\OT1/zplm/m/n/10 )$ \
TU/JameelNooriNastaleeq(0)/b/n/10 پر $\OML/zplm/m/it/10 D$ \TU/JameelNooriNasta
leeq(0)/b/n/10 میں داخل ہو گی اور $\OML/zplm/m/it/10 z \OT1/zplm/m/n/10 = \OML/
zplm/m/it/10 f[]\OT1/zplm/m/n/10 (\OML/zplm/m/it/10 x\OT1/ppl/m/n/10 , \OML/zpl
m/m/it/10 y\OT1/zplm/m/n/10 )$ \TU/JameelNooriNastaleeq(0)/b/n/10 پر $\OML/zplm
/m/it/10 D$ \TU/JameelNooriNastaleeq(0)/b/n/10 سے خارج ہو گی۔یہی تکمل کی $\OML/
zplm/m/it/10 z$ \TU/JameelNooriNastaleeq(0)/b/n/10 حدیں ہیں (شکل ۱.۳۱[]-[]
 []


Underfull \hbox (badness 10000) in paragraph at lines 3384--3387
[][]\TU/JameelNooriNastaleeq(2)/m/n/9 تکمل کی $\OML/zplm/m/it/9 y$ \TU/JameelNo
oriNastaleeq(2)/m/n/9 حدیں: \TU/JameelNooriNastaleeq(0)/b/n/10 نقطہ $\OT1/zplm/
m/n/10 (\OML/zplm/m/it/10 x\OT1/ppl/m/n/10 , \OML/zplm/m/it/10 y\OT1/zplm/m/n/1
0 )$ \TU/JameelNooriNastaleeq(0)/b/n/10 سے گزرتی ہوئی محور $\OML/zplm/m/it/10 y
$ \TU/JameelNooriNastaleeq(0)/b/n/10 کے متوازی لکیر $\OML/zplm/m/it/10 L$ \TU/J
ameelNooriNastaleeq(0)/b/n/10 کھینچیں۔ بڑھتے $\OML/zplm/m/it/10 y$ \TU/JameelNo
oriNastaleeq(0)/b/n/10 رخ چلتے ہوئے یہ لکیر $\OML/zplm/m/it/10 R$ \TU/JameelNoo
riNastaleeq(0)/b/n/10 میں[]
 []


Underfull \hbox (badness 10000) in paragraph at lines 3387--3389
[][]\TU/JameelNooriNastaleeq(2)/m/n/9 تکمل کی $\OML/zplm/m/it/9 x$ \TU/JameelNo
oriNastaleeq(2)/m/n/9 حدیں: \TU/JameelNooriNastaleeq(0)/b/n/10 وہ $\OML/zplm/m/
it/10 x$ \TU/JameelNooriNastaleeq(0)/b/n/10 حدیں منتخب کریں جس میں محور $\OML/z
plm/m/it/10 y$ \TU/JameelNooriNastaleeq(0)/b/n/10 کے متوازی، $\OML/zplm/m/it/10
 R$ \TU/JameelNooriNastaleeq(0)/b/n/10 سے گزرتی ہوئی تمام لکیریں $\OML/zplm/m/i
t/10 L$ \TU/JameelNooriNastaleeq(0)/b/n/10 شامل ہوں۔ ہماری مثال میں یہ[]
 []


Underfull \hbox (badness 10000) in paragraph at lines 3393--3395
[]\TU/JameelNooriNastaleeq(0)/b/n/10 تکملات کی ترتیب تبدیل کرنے کی صورت میں اسی
 طرح کی طریقہ کار سے تکملات کی حدیں تلاش کریں۔بارہا تکمل میں آخری دو متغیرات، ج
ن کے لحاظ سے[]
 []

[47] [48]
Underfull \hbox (badness 10000) in paragraph at lines 3478--3480
[]\TU/JameelNooriNastaleeq(0)/b/n/10 مثال  ۱.۱۵: []چو سطحہ $\OML/zplm/m/it/10 D
$ \TU/JameelNooriNastaleeq(0)/b/n/10 کے راس $\OT1/zplm/m/n/10 (\OT1/ppl/m/n/10 
0, 0, 0\OT1/zplm/m/n/10 )$\TU/JameelNooriNastaleeq(0)/b/n/10 ، $\OT1/zplm/m/n/1
0 (\OT1/ppl/m/n/10 1, 1, 0\OT1/zplm/m/n/10 )$\TU/JameelNooriNastaleeq(0)/b/n/10
 ، $\OT1/zplm/m/n/10 (\OT1/ppl/m/n/10 0, 1, 0\OT1/zplm/m/n/10 )$ \TU/JameelNoor
iNastaleeq(0)/b/n/10 اور $\OT1/zplm/m/n/10 (\OT1/ppl/m/n/10 0, 1, 1\OT1/zplm/m/
n/10 )$ \TU/JameelNooriNastaleeq(0)/b/n/10 ہیں۔ تفاعل $\OML/zplm/m/it/10 F\OT1/
zplm/m/n/10 (\OML/zplm/m/it/10 x\OT1/ppl/m/n/10 , \OML/zplm/m/it/10 y\OT1/ppl/m
/n/10 , \OML/zplm/m/it/10 z\OT1/zplm/m/n/10 )$ \TU/JameelNooriNastaleeq(0)/b/n/
10 کے تہرا تکمل[]
 []


Underfull \hbox (badness 10000) in paragraph at lines 3481--3482
[][]
 []

[49]
Underfull \hbox (badness 10000) in paragraph at lines 3529--3530
[][]\TU/JameelNooriNastaleeq(0)/b/n/10 جیسا ہم جانتے ہیں، دہرا تکمل کا حصول عمو
ماً (لیکن ضروری نہیں) ایک گنا تکملات کو دو مختلف ترتیب سے حاصل کر کے حاصل کرنا 
ممکن ہوتا ہے۔ تہرا تکمل کے[]
 []

[50]
Underfull \hbox (badness 10000) in paragraph at lines 3559--3559
[][]\TU/JameelNooriNastaleeq(0)/b/n/10 شكل ۱.۳۴: |منشور کے حجم کی چھ بارہا تہرا
 تکملات مثال ۱.۱۶[] میں دیے[]
 []


Underfull \hbox (badness 10000) in paragraph at lines 3545--3577
[]\TU/JameelNooriNastaleeq(0)/b/n/10 ہے۔ اگر $\OML/zplm/m/it/10 D$ \TU/JameelNo
oriNastaleeq(0)/b/n/10 میں $\OML/zplm/m/it/10 F\OT1/zplm/m/n/10 (\OML/zplm/m/it
/10 x\OT1/ppl/m/n/10 , \OML/zplm/m/it/10 y\OT1/ppl/m/n/10 , \OML/zplm/m/it/10 z
\OT1/zplm/m/n/10 )$ \TU/JameelNooriNastaleeq(0)/b/n/10 ایک ٹھوس جسم کی کمیتی کث
افت ہو تب $\OML/zplm/m/it/10 D$ \TU/JameelNooriNastaleeq(0)/b/n/10 میں $\OML/zp
lm/m/it/10 F$ \TU/JameelNooriNastaleeq(0)/b/n/10 کی اوسط قیمت اس جسم کی اوسط کم
یتی کثافت ہو گی جس کی اکائی[]
 []


Underfull \hbox (badness 10000) in paragraph at lines 3591--3593
[]\TU/JameelNooriNastaleeq(0)/b/n/10 ہم نے اس تکمل کو $[] \OML/zplm/m/it/10 x$\
TU/JameelNooriNastaleeq(0)/b/n/10 ، $[] \OML/zplm/m/it/10 y$\TU/JameelNooriNast
aleeq(0)/b/n/10 ، $[] \OML/zplm/m/it/10 z$ \TU/JameelNooriNastaleeq(0)/b/n/10 ت
رتیب سے حاصل کیا۔ ہم باقی پانچ ترتیب میں سے کسی ایک ترتیب کو استعمال کرتے ہوئے 
بھی اس تکمل کو حل کر سکتے[]
 []

[51] [52]
Overfull \hbox (6.92471pt too wide) in paragraph at lines 3805--3816
 [][][][][][][][] 
 []


Overfull \hbox (4.85408pt too wide) in paragraph at lines 3821--3832
 [][][][][][][][] 
 []

[53]
Overfull \hbox (1.39964pt too wide) in paragraph at lines 3892--3901
 [][][][][][][][] 
 []


Overfull \hbox (1.3998pt too wide) in paragraph at lines 3951--3957
 [][][][][][][][] 
 []


Overfull \hbox (1.38565pt too wide) in paragraph at lines 3962--3971
 [][][][][][][][] 
 []

[54]
Overfull \hbox (1.39626pt too wide) in paragraph at lines 4026--4033
 [][][][][][][][] 
 []


Overfull \hbox (1.39308pt too wide) in paragraph at lines 4038--4046
 [][][][][][][][] 
 []

[55] [56]
Underfull \hbox (badness 6364) in paragraph at lines 4215--4219
[] \TU/JameelNooriNastaleeq(0)/b/n/10 سوال  ۱.۲۲۲:  ٹھوس خطہ جو نیچے سے قطع مکا
فی سطح $\OML/zplm/m/it/10 z \OT1/zplm/m/n/10 = \OML/zplm/m/it/10 x[] \OT1/zplm/
m/n/10 + \OML/zplm/m/it/10 y[]$ \TU/JameelNooriNastaleeq(0)/b/n/10 اور اوپر سے 
مستوی $\OML/zplm/m/it/10 z \OT1/zplm/m/n/10 = \OT1/ppl/m/n/10 1$ \TU/JameelNoor
iNastaleeq(0)/b/n/10 میں ملفوف ہو اور تفاعل[]
 []


Underfull \hbox (badness 10000) in paragraph at lines 4233--4234
[]\TU/JameelNooriNastaleeq(0)/b/n/10 اس حصہ میں تین بُعدی اجسام کی کمیت اور معی
ار اثر کا حصول کارتیسی محدد میں سکھایا جائے گا۔ یہ کلیات دو بُعدی اجسام کے کلیا
ت کی طرح ہیں۔ کروی اور نلکی[]
 []


Underfull \hbox (badness 10000) in paragraph at lines 4236--4237
[]\TU/JameelNooriNastaleeq(0)/b/n/10 فضا میں خطہ $\OML/zplm/m/it/10 D$ \TU/Jame
elNooriNastaleeq(0)/b/n/10 میں پائے جانے والے ایک جسم کی کمیتی کثافت $\OML/zplm
/m/it/10 ^^N\OT1/zplm/m/n/10 (\OML/zplm/m/it/10 x\OT1/ppl/m/n/10 , \OML/zplm/m/
it/10 y\OT1/ppl/m/n/10 , \OML/zplm/m/it/10 z\OT1/zplm/m/n/10 )$ \TU/JameelNoori
Nastaleeq(0)/b/n/10 ہے۔ خطہ $\OML/zplm/m/it/10 D$ \TU/JameelNooriNastaleeq(0)/b
/n/10 پر $\OML/zplm/m/it/10 ^^N$ \TU/JameelNooriNastaleeq(0)/b/n/10 کا تکمل اس 
جسم کی کمیت دے گا۔ یہ دیکھنے کی خاطر[]
 []

[57] [58] [59]
LaTeX Info: Redefining \rmfamily on input line 4393.
LaTeX Info: Redefining \sffamily on input line 4393.
LaTeX Info: Redefining \ttfamily on input line 4393.
 [60]
Underfull \hbox (badness 10000) in paragraph at lines 4399--4401
[]\TU/JameelNooriNastaleeq(0)/b/n/10 سوال  ۱.۲۲۵: []جمودی معیار اثر کی مساوات ۲
[] کو سیدھا حل کر کے مثال ۱.۱۸[] میں مستعمل چھوٹے طریقہ کے نتیجہ کی تصدیق کریں۔
 مثال ۱.۱۸[] کے نتائج[]
 []


Underfull \hbox (badness 10000) in paragraph at lines 4450--4452
[]\TU/JameelNooriNastaleeq(0)/b/n/10 سوال  ۱.۲۲۷: []مستطیل ٹھوس جسم کے $\OML/zp
lm/m/it/10 I[]$\TU/JameelNooriNastaleeq(0)/b/n/10 ، $\OML/zplm/m/it/10 I[]$ \TU
/JameelNooriNastaleeq(0)/b/n/10 اور $\OML/zplm/m/it/10 I[]$ \TU/JameelNooriNast
aleeq(0)/b/n/10 دریافت کرتے ہوئے جسم کے کناروں کے لحاظ سے جمودی معیار اثر تلاش 
کریں (شکل[]
 []


Underfull \hbox (badness 10000) in paragraph at lines 4452--4456
[] \TU/JameelNooriNastaleeq(0)/b/n/10 سوال  ۱.۲۲۸:  (ا) ایک چو سطحہ جس کے راس $
\OT1/zplm/m/n/10 (\OT1/ppl/m/n/10 0, 0, 0\OT1/zplm/m/n/10 )$\TU/JameelNooriNast
aleeq(0)/b/n/10 ، $\OT1/zplm/m/n/10 (\OT1/ppl/m/n/10 1, 0, 0\OT1/zplm/m/n/10 )$
\TU/JameelNooriNastaleeq(0)/b/n/10 ، $\OT1/zplm/m/n/10 (\OT1/ppl/m/n/10 0, 1, 0
\OT1/zplm/m/n/10 )$ \TU/JameelNooriNastaleeq(0)/b/n/10 اور $\OT1/zplm/m/n/10 (\
OT1/ppl/m/n/10 0, 0, 1\OT1/zplm/m/n/10 )$ \TU/JameelNooriNastaleeq(0)/b/n/10 ہی
ں کا وسطانی مرکز اور $\OML/zplm/m/it/10 I[]$\TU/JameelNooriNastaleeq(0)/b/n/10 
، $\OML/zplm/m/it/10 I[]$[]
 []

[61]
Overfull \hbox (14.7641pt too wide) in paragraph at lines 4481--4495
 [][][][][][][][] 
 []


Overfull \hbox (22.10007pt too wide) in paragraph at lines 4500--4514
 [][][][][][][][] 
 []

[62]
Underfull \hbox (badness 1005) in paragraph at lines 4559--4561
[]\TU/JameelNooriNastaleeq(0)/b/n/10 سوال  ۱.۲۳۹: []ثُمن اول میں محددی مستویات 
اور مستویات $\OML/zplm/m/it/10 x \OT1/zplm/m/n/10 = \OT1/ppl/m/n/10 1$\TU/Jamee
lNooriNastaleeq(0)/b/n/10 ، $\OML/zplm/m/it/10 y \OT1/zplm/m/n/10 = \OT1/ppl/m/
n/10 1$ \TU/JameelNooriNastaleeq(0)/b/n/10 اور $\OML/zplm/m/it/10 z \OT1/zplm/m
/n/10 = \OT1/ppl/m/n/10 1$ \TU/JameelNooriNastaleeq(0)/b/n/10 کے بیچ ٹھوس مکعب 
جس کی کثافت[]
 []


Underfull \hbox (badness 10000) in paragraph at lines 4579--4581
[][]\TU/JameelNooriNastaleeq(0)/b/n/10 مکمل بھرے ہوئے برتن سے سیال کو مستوی $\O
ML/zplm/m/it/10 xy$ \TU/JameelNooriNastaleeq(0)/b/n/10 میں منتقل کرنے کے لیے مس
تقل تجاذب $\OML/zplm/m/it/10 g$ \TU/JameelNooriNastaleeq(0)/b/n/10 کتنا کام کرے
 گا؟ (اشارہ: برتن میں سیال کو چھوٹے[]
 []


Underfull \hbox (badness 10000) in paragraph at lines 4579--4581
[]\TU/JameelNooriNastaleeq(0)/b/n/10 چھوٹے حجم کے ٹکڑوں $\OT1/zplm/m/n/10 ^^A\O
ML/zplm/m/it/10 H[]$ \TU/JameelNooriNastaleeq(0)/b/n/10 میں تقسیم کرتے ہوئے ہر 
ٹکڑے کو منتقل کرنے کے لیے درکار کام دریافت کریں۔ ان تمام کا مجموعہ پورے سیال کو
 منتقل[]
 []


Underfull \hbox (badness 10000) in paragraph at lines 4593--4595
[]\TU/JameelNooriNastaleeq(0)/b/n/10 مسئلہ متوازی محور (حصہ ۱.۲[] کے سوالات دیک
ھیں) دو بُعدی صورت کے ساتھ ساتھ تین بُعدی صورت کے لیے بھی کارآمد ہے۔فرض کریں ای
ک جسم جس کی[]
 []


Underfull \hbox (badness 10000) in paragraph at lines 4593--4595
[]\TU/JameelNooriNastaleeq(0)/b/n/10 کمیت $\OML/zplm/m/it/10 m$ \TU/JameelNoori
Nastaleeq(0)/b/n/10 ہو کے مرکز کمیت سے خط $\OML/zplm/m/it/10 L[]$ \TU/JameelNoo
riNastaleeq(0)/b/n/10 گزرتا ہو جس کے متوازی $\OML/zplm/m/it/10 h$ \TU/JameelNoo
riNastaleeq(0)/b/n/10 فاصلہ پر خط $\OML/zplm/m/it/10 L$ \TU/JameelNooriNastalee
q(0)/b/n/10 پایا جاتا ہو ۔ مسئلہ متوازی محور کہتا ہے کہ $\OML/zplm/m/it/10 L[]$
 \TU/JameelNooriNastaleeq(0)/b/n/10 اور $\OML/zplm/m/it/10 L$ \TU/JameelNooriNa
staleeq(0)/b/n/10 کے[]
 []

[63]
Underfull \hbox (badness 10000) in paragraph at lines 4597--4599
[]\TU/JameelNooriNastaleeq(0)/b/n/10 دو بُعدی صورت کی طرح اگر ہمیں ایک جمودی مع
یار اثر، فاصلہ $\OML/zplm/m/it/10 h$ \TU/JameelNooriNastaleeq(0)/b/n/10 اور جسم
 کی کمیت $\OML/zplm/m/it/10 m$ \TU/JameelNooriNastaleeq(0)/b/n/10 معلوم ہو تب ہ
م اس مسئلہ کی مدد سے دوسرا جمودی معیار اثر با آسانی[]
 []


Underfull \hbox (badness 10000) in paragraph at lines 4600--4601
[][]
 []


Underfull \hbox (badness 10000) in paragraph at lines 4603--4605
[][]\TU/JameelNooriNastaleeq(0)/b/n/10 پہلے دکھائیں کہ جسم کے مرکز کمیت سے گزرت
ے ہوئے فضا میں کسی بھی مستوی کے لحاظ سے معیار اثر اول صفر ہو گا۔ (اشارہ: جسم کے
 مرکز کمیت کو مبدا پر[]
 []


Underfull \hbox (badness 10000) in paragraph at lines 4605--4606
[][]\TU/JameelNooriNastaleeq(0)/b/n/10 جسم کے مرکز کمیت کو بدا پر، خط $\OML/zpl
m/m/it/10 L[]$ \TU/JameelNooriNastaleeq(0)/b/n/10 کو محور $\OML/zplm/m/it/10 z$
 \TU/JameelNooriNastaleeq(0)/b/n/10 پر، اور نقطہ $\OT1/zplm/m/n/10 (\OML/zplm/m
/it/10 h\OT1/ppl/m/n/10 , 0, 0\OT1/zplm/m/n/10 )$ \TU/JameelNooriNastaleeq(0)/b
/n/10 پر $\OML/zplm/m/it/10 L$ \TU/JameelNooriNastaleeq(0)/b/n/10 کو مستوی $\OM
L/zplm/m/it/10 xy$ \TU/JameelNooriNastaleeq(0)/b/n/10 کا متوازی رکھیں۔ فرض کریں
 یہ جسم فضا میں خطہ[]
 []


Underfull \hbox (badness 10000) in paragraph at lines 4611--4615
[] \TU/JameelNooriNastaleeq(0)/b/n/10 سوال  ۱.۲۴۶:  مستقل کثافت ، رداس $\OML/zp
lm/m/it/10 a$ \TU/JameelNooriNastaleeq(0)/b/n/10 کے کرہ قطر کے لحاظ سے جمودی مع
یار اثر $[]\OML/zplm/m/it/10 ma[]$ \TU/JameelNooriNastaleeq(0)/b/n/10 ہو گا جہا
ں کرہ کی کمیت $\OML/zplm/m/it/10 m$ \TU/JameelNooriNastaleeq(0)/b/n/10 ہے۔ کرہ 
کو مماسی خط کے لحاظ[]
 []


Underfull \hbox (badness 10000) in paragraph at lines 4621--4623
[][]\TU/JameelNooriNastaleeq(0)/b/n/10 مساوات ۳[] استعمال کرتے ہوئے اس ٹھوس جسم
 کے مرکز کمیت سے گزرتے ہوئے، محور $\OML/zplm/m/it/10 z$ \TU/JameelNooriNastalee
q(0)/b/n/10 کے متوازی خط کے لحاظ سے جسم کا جمودی معیار اثر اور رداس[]
 []


Underfull \hbox (badness 10000) in paragraph at lines 4633--4634
[][]
 []


Underfull \hbox (badness 10000) in paragraph at lines 4635--4636
[][]\TU/JameelNooriNastaleeq(0)/b/n/10 کلیہ پاپس (حصہ ۱.۲[] کے سوالات دیکھیں) د
و بُعدی صورت کے ساتھ ساتھ تین بُعدی صورت کے لیے بھی کارآمد ہے۔ فرض کریں دو اجسا
م $\OML/zplm/m/it/10 B[]$ \TU/JameelNooriNastaleeq(0)/b/n/10 اور $\OML/zplm/m/i
t/10 B[]$[]
 []


Underfull \hbox (badness 10000) in paragraph at lines 4635--4636
[]\TU/JameelNooriNastaleeq(0)/b/n/10 جن کی کمیتیں بالترتیب $\OML/zplm/m/it/10 m
[]$ \TU/JameelNooriNastaleeq(0)/b/n/10 اور $\OML/zplm/m/it/10 m[]$ \TU/JameelNo
oriNastaleeq(0)/b/n/10 ہوں فضا میں ایک دوسرے کو نہ ڈھانپتے ہوئے خطوں میں پائے ج
اتے ہیں۔ مبدا سے ان اجسام کے مراکز کمیت تک[]
 []

[64]
LaTeX Info: Redefining \rmfamily on input line 4639.
LaTeX Info: Redefining \sffamily on input line 4639.
LaTeX Info: Redefining \ttfamily on input line 4639.

Underfull \hbox (badness 10000) in paragraph at lines 4642--4645
[]\TU/JameelNooriNastaleeq(0)/b/n/10 سوال  ۱.۲۴۹:  کلیہ پاپس (مساوات ۵[]) اخذ ک
ریں۔ (اشارہ:ثُمن اول میں ایک دوسرے کو نہ ڈھانپتے ہوئے اجسام $\OML/zplm/m/it/10 
B[]$ \TU/JameelNooriNastaleeq(0)/b/n/10 اور $\OML/zplm/m/it/10 B[]$ \TU/JameelN
ooriNastaleeq(0)/b/n/10 کا خاکہ بنا کر ان کے[]
 []


Underfull \hbox (badness 4013) in paragraph at lines 4642--4645
[]\TU/JameelNooriNastaleeq(0)/b/n/10 مراکز کمیت کو $\OT1/zplm/m/n/10 ([]\OT1/pp
l/m/n/10 , [], []\OT1/zplm/m/n/10 )$ \TU/JameelNooriNastaleeq(0)/b/n/10 اور $\O
T1/zplm/m/n/10 ([]\OT1/ppl/m/n/10 , [], []\OT1/zplm/m/n/10 )$ \TU/JameelNooriNa
staleeq(0)/b/n/10 سے ظاہر کریں۔ کمیت $\OML/zplm/m/it/10 m[]$ \TU/JameelNooriNas
taleeq(0)/b/n/10 اور $\OML/zplm/m/it/10 m[]$ \TU/JameelNooriNastaleeq(0)/b/n/10
 اور ان کمیت کے مراکز کے محدد کی صورت میں محددی[]
 []


Underfull \hbox (badness 10000) in paragraph at lines 4706--4709
[][]\TU/JameelNooriNastaleeq(0)/b/n/10 قد $\OML/zplm/m/it/10 h$ \TU/JameelNoori
Nastaleeq(0)/b/n/10 اور رداس $\OML/zplm/m/it/10 r$ \TU/JameelNooriNastaleeq(0)/
b/n/10 کے قاعدہ کا دائری ٹھوس مخروط $\OML/zplm/m/it/10 C$\TU/JameelNooriNastale
eq(0)/b/n/10 ، رداس $\OML/zplm/m/it/10 a$ \TU/JameelNooriNastaleeq(0)/b/n/10 کے
 ٹھوس نصف کرہ $\OML/zplm/m/it/10 S$ \TU/JameelNooriNastaleeq(0)/b/n/10 پر قلفی 
کی طرح جمایا گیا ہے۔ٹھوس مخروط کا وسطانی مرکز[]
 []


Underfull \hbox (badness 10000) in paragraph at lines 4706--4709
[]\TU/JameelNooriNastaleeq(0)/b/n/10 قاعدہ سے راس کے رخ ایک چوتھائی ($[]$) فاصل
ہ پر واقع ہے۔ نصف کرہ کے وسطانی مرکز قاعدہ سے سر کے رخ تین آٹھواں ($[]$) فاصلہ 
دور ہے۔[]
 []


Underfull \hbox (badness 10000) in paragraph at lines 4711--4715
[] \TU/JameelNooriNastaleeq(0)/b/n/10 سوال  ۱.۲۵۲:  ایک ٹھوس اہرام $\OML/zplm/m
/it/10 P$ \TU/JameelNooriNastaleeq(0)/b/n/10 جس کا قد $\OML/zplm/m/it/10 h$ \TU
/JameelNooriNastaleeq(0)/b/n/10 اور مماثل چار اضلاع ہیں کا قاعدہ ٹھوس مکعب $\OM
L/zplm/m/it/10 C$ \TU/JameelNooriNastaleeq(0)/b/n/10 کا ایک مربعی سطح ہے جس کے 
اضلاع کی لمبائیاں $\OML/zplm/m/it/10 s$[]
 []

[65]
Missing character: There is no ﻿ (U+FEFF) in font Jameel Noori Nastaleeq/OT:scr
ipt=arab;language=dflt;mapping=tex-text;!

Overfull \hbox (6.06781pt too wide) in paragraph at lines 4754--4780
 [][][][][][][][] 
 []


Underfull \hbox (badness 10000) in paragraph at lines 4786--4787
[]\TU/JameelNooriNastaleeq(0)/b/n/10 جن بیلن کا محور $\OML/zplm/m/it/10 z$ \TU/
JameelNooriNastaleeq(0)/b/n/10 محدد پر پایا جاتا ہو اور وہ مستویات جن میں $\OML
/zplm/m/it/10 z$ \TU/JameelNooriNastaleeq(0)/b/n/10 محدد پایا جاتا ہو یا جو $\O
ML/zplm/m/it/10 z$ \TU/JameelNooriNastaleeq(0)/b/n/10 محدد کے لمب ہوں، کو نلکی 
محدد میں بیان کرنا نہایت آسان ہوتا ہے[]
 []


Underfull \hbox (badness 10000) in paragraph at lines 4796--4802
[][]\TU/JameelNooriNastaleeq(0)/b/n/10 فضا میں خطہ کی نلکی محدد میں مستطیلی خان
ہ بندی کا ایک خانہ شکل ۱.۵۷[] میں دکھایا گیا ہے۔ اگر $\OML/zplm/m/it/10 z$ \TU/
JameelNooriNastaleeq(0)/b/n/10 محدد سے اس خانے کی وسط تک رداس $\OML/zplm/m/it/1
0 ^^Z$ \TU/JameelNooriNastaleeq(0)/b/n/10 ہو تب خانے کے[]
 []


Underfull \hbox (badness 7168) in paragraph at lines 4796--4802
[]\TU/JameelNooriNastaleeq(0)/b/n/10 اندرونی اور بیرونی سطحوں کے رداس بالترتیب 
$\OML/zplm/m/it/10 ^^Z \OMS/zplm/m/n/10 ^^@ []$ \TU/JameelNooriNastaleeq(0)/b/n
/10 اور $\OML/zplm/m/it/10 ^^Z \OT1/zplm/m/n/10 + []$ \TU/JameelNooriNastaleeq(
0)/b/n/10 ہوں گے۔اس چھوٹے خانے کو نقطہ دار لکیروں سے $\OML/zplm/m/it/10 z$ \TU/
JameelNooriNastaleeq(0)/b/n/10 محدد تک بڑھا کر حجم[]
 []

[66]
Underfull \hbox (badness 10000) in paragraph at lines 4809--4812
[]\TU/JameelNooriNastaleeq(0)/b/n/10 حجم زیادہ آسانی سے حاصل کیا جا سکتا ہے۔اسی
 طرح خانے کی سامنے (یا پشت) سطح کا رقبہ $[] \OML/zplm/m/it/10 ^^Z [] z$\TU/Jame
elNooriNastaleeq(0)/b/n/10 ، نچلی (یا بالائی) سطح کا رقبہ $\OML/zplm/m/it/10 ^^
Z [] ^^^ [] ^^Z$ \TU/JameelNooriNastaleeq(0)/b/n/10 اور قوسی[]
 []


Underfull \hbox (badness 1092) in paragraph at lines 4814--4822
[]\TU/JameelNooriNastaleeq(0)/b/n/10 مثال  ۱.۲۰: []خطہ $\OML/zplm/m/it/10 D$ \T
U/JameelNooriNastaleeq(0)/b/n/10 پر تفاعل $\OML/zplm/m/it/10 f\OT1/zplm/m/n/10 
(\OML/zplm/m/it/10 ^^Z\OT1/ppl/m/n/10 , \OML/zplm/m/it/10 ^^^\OT1/ppl/m/n/10 , 
\OML/zplm/m/it/10 z\OT1/zplm/m/n/10 )$ \TU/JameelNooriNastaleeq(0)/b/n/10 کی نل
کی محدد میں تکمل کی حدیں تلاش کریں۔ خطہ $\OML/zplm/m/it/10 D$ \TU/JameelNooriNa
staleeq(0)/b/n/10 نیچے سے مستوی $\OML/zplm/m/it/10 z \OT1/zplm/m/n/10 = \OT1/pp
l/m/n/10 0$ \TU/JameelNooriNastaleeq(0)/b/n/10 اور اطراف سے[]
 []


Overfull \hbox (1.37306pt too wide) detected at line 4880
[]
 []


Overfull \hbox (19.66318pt too wide) detected at line 4880
[]
 []


Overfull \hbox (22.74736pt too wide) in paragraph at lines 4862--4882
 [][][][][][][][] 
 []


Overfull \hbox (22.9904pt too wide) in paragraph at lines 4887--4909
 [][][][][][][][] 
 []

[67]
Underfull \hbox (badness 10000) in paragraph at lines 4943--4945
[][]\TU/JameelNooriNastaleeq(0)/b/n/10 کمیت اور معیار اثر کے تکملات کی حدیں تلا
ش کرنے کی خاطر ہم وہی چار مخصوص قدم لیتے ہیں۔ خاکہ بنا کر ہم پہلا قدم مکمل کر چ
کے ہیں۔باقی اقدام درج ذیل[]
 []

[68]
Overfull \hbox (49.73436pt too wide) in paragraph at lines 4982--5007
 [][][][][][] 
 []


Overfull \hbox (52.10637pt too wide) in paragraph at lines 5011--5037
 [][][][][][] 
 []


Overfull \hbox (40.52142pt too wide) in paragraph at lines 5041--5077
 [][][][][][] 
 []


Underfull \hbox (badness 10000) in paragraph at lines 5086--5089
[][]\TU/JameelNooriNastaleeq(2)/m/n/9 خاکہ: \TU/JameelNooriNastaleeq(0)/b/n/10 
خطہ $\OML/zplm/m/it/10 D$ \TU/JameelNooriNastaleeq(0)/b/n/10 اور مستوی $\OML/zp
lm/m/it/10 xy$ \TU/JameelNooriNastaleeq(0)/b/n/10 پر اس کی تظلیل $\OML/zplm/m/i
t/10 R$ \TU/JameelNooriNastaleeq(0)/b/n/10 کا خاکہ بنائیں ۔ $\OML/zplm/m/it/10 
D$ \TU/JameelNooriNastaleeq(0)/b/n/10 اور $\OML/zplm/m/it/10 R$ \TU/JameelNoori
Nastaleeq(0)/b/n/10 کی سرحدی سطحوں اور منحنیات کی نشاندہی کریں (شکل[]
 []


Underfull \hbox (badness 2261) in paragraph at lines 5092--5095
[][]\TU/JameelNooriNastaleeq(2)/m/n/9 تکمل کی $\OML/zplm/m/it/9 ^^Z$ \TU/Jameel
NooriNastaleeq(2)/m/n/9 حدیں: \TU/JameelNooriNastaleeq(0)/b/n/10 مبدا سے ایک لک
یر $\OML/zplm/m/it/10 L$ \TU/JameelNooriNastaleeq(0)/b/n/10 کھینچیں جو نقطہ $\O
T1/zplm/m/n/10 (\OML/zplm/m/it/10 ^^Z\OT1/ppl/m/n/10 , \OML/zplm/m/it/10 ^^^\OT
1/zplm/m/n/10 )$ \TU/JameelNooriNastaleeq(0)/b/n/10 سے گزرتی ہو۔ یہ شعاع خطہ $\
OML/zplm/m/it/10 R$ \TU/JameelNooriNastaleeq(0)/b/n/10 میں $\OML/zplm/m/it/10 ^
^Z \OT1/zplm/m/n/10 = \OML/zplm/m/it/10 h[]\OT1/zplm/m/n/10 (\OML/zplm/m/it/10 
^^^\OT1/zplm/m/n/10 )$ \TU/JameelNooriNastaleeq(0)/b/n/10 سے داخل اور[]
 []

[69]
Underfull \hbox (badness 10000) in paragraph at lines 5105--5106
[]\TU/JameelNooriNastaleeq(0)/b/n/10 ایسے کرہ جن کے مراکز مبدا پر ہوں، وہ نصف چ
ادر جن کا چول محور $\OML/zplm/m/it/10 z$ \TU/JameelNooriNastaleeq(0)/b/n/10 ہو،
 اور وہ مخروط جن کا راس مبدا پر اور محور محددی نظام کے محور $\OML/zplm/m/it/10 
z$ \TU/JameelNooriNastaleeq(0)/b/n/10 پر ہو، کو کروی محدد[]
 []


Underfull \hbox (badness 10000) in paragraph at lines 5105--5106
[]\TU/JameelNooriNastaleeq(0)/b/n/10 (شکل ۱.۶۱[]) میں بیان کرنا زیادہ آسان ہوتا
 ہے۔ ان سطحوں کی مساواتیں درج ذیل ہوں گی۔ اس نظام میں کسی بھی نقطہ $\OML/zplm/m
/it/10 N\OT1/zplm/m/n/10 (\OML/zplm/m/it/10 r[]\OT1/ppl/m/n/10 , \OML/zplm/m/it
/10 ^^R[]\OT1/ppl/m/n/10 , \OML/zplm/m/it/10 ^^^[]\OT1/zplm/m/n/10 )$ \TU/Jamee
lNooriNastaleeq(0)/b/n/10 کے محدد[]
 []

\XCoord=\dimen392
\YCoord=\dimen393

Overfull \hbox (9.54868pt too wide) in paragraph at lines 5116--5155
 [][][][][][][][] 
 []


Overfull \hbox (17.95816pt too wide) in paragraph at lines 5160--5240
 [][][][][][][][] 
 []


Underfull \hbox (badness 10000) in paragraph at lines 5240--5240
[][]\TU/JameelNooriNastaleeq(0)/b/n/10 شكل ۱.۶۲: |کروی محدد میں تین آپس میں لمب
 سطحیں نقطہ $\OML/zplm/m/it/10 N$ \TU/JameelNooriNastaleeq(0)/b/n/10 تعین[]
 []

LaTeX Info: Redefining \rmfamily on input line 5373.
LaTeX Info: Redefining \sffamily on input line 5373.
LaTeX Info: Redefining \ttfamily on input line 5373.

Underfull \hbox (badness 10000) in paragraph at lines 5373--5374
[][]\TU/JameelNooriNastaleeq(0)/b/n/10 کروی محدد میں چھوٹے مستطیل حجم سے مراد و
ہ \TU/AASameerSagarNastaleeqBold(0)/m/n/10 کروی پچر[][][] []\TU/JameelNooriNast
aleeq(0)/b/n/10 ہے جس کو $[] \OML/zplm/m/it/10 r$\TU/JameelNooriNastaleeq(0)/b/
n/10 ، $[] \OML/zplm/m/it/10 ^^R$ \TU/JameelNooriNastaleeq(0)/b/n/10 اور $[] \O
ML/zplm/m/it/10 ^^^$ \TU/JameelNooriNastaleeq(0)/b/n/10 تعین کرتے ہیں۔ یہ پچر ت
قریباً مستطیلی ہو گا جس کے ایک[]
 []


Underfull \hbox (badness 10000) in paragraph at lines 5373--5374
[]\TU/JameelNooriNastaleeq(0)/b/n/10 اطراف کی قوسی لمبائی $\OML/zplm/m/it/10 r 
[] ^^R$\TU/JameelNooriNastaleeq(0)/b/n/10 ، دوسرے طرف کی قوسی لمبائی $\OML/zplm
/m/it/10 r [] ^^R [] ^^^$ \TU/JameelNooriNastaleeq(0)/b/n/10 اور موٹائی $[] \OM
L/zplm/m/it/10 r$ \TU/JameelNooriNastaleeq(0)/b/n/10 ہو گی۔ یوں کروی محدد میں چ
ھوٹے ٹکڑے کا حجم $[] \OML/zplm/m/it/10 H$[]
 []

[70] [71]
Underfull \hbox (badness 10000) in paragraph at lines 5380--5382
[]\TU/JameelNooriNastaleeq(0)/b/n/10 ہم عموماً پہلے $\OML/zplm/m/it/10 r$ \TU/J
ameelNooriNastaleeq(0)/b/n/10 کے لحاظ سے تکمل لیتے ہیں۔ ہم صرف ان تکملات پر غور
 کریں گے جو محور $\OML/zplm/m/it/10 z$ \TU/JameelNooriNastaleeq(0)/b/n/10 کے لح
اظ سے اجسام طواف (یا ان کا حصہ) ہوں اور جن کے $\OML/zplm/m/it/10 ^^R$ \TU/Jamee
lNooriNastaleeq(0)/b/n/10 اور[]
 []


Overfull \hbox (5.11314pt too wide) in paragraph at lines 5397--5444
 [][][][][][] 
 []


Overfull \hbox (6.60747pt too wide) in paragraph at lines 5448--5510
 [][][][][][] 
 []


Underfull \hbox (badness 10000) in paragraph at lines 5521--5524
[][]\TU/JameelNooriNastaleeq(2)/m/n/9 تکمل کی $\OML/zplm/m/it/9 r$ \TU/JameelNo
oriNastaleeq(2)/m/n/9 حدیں: \TU/JameelNooriNastaleeq(0)/b/n/10 مبدا سے ایک لکیر
 $\OML/zplm/m/it/10 M$ \TU/JameelNooriNastaleeq(0)/b/n/10 کھینچیں جو مثبت محور 
$\OML/zplm/m/it/10 z$ \TU/JameelNooriNastaleeq(0)/b/n/10 کے ساتھ زاویہ $\OML/zp
lm/m/it/10 ^^^$ \TU/JameelNooriNastaleeq(0)/b/n/10 بناتی ہو۔ ساتھ ہی $\OML/zplm
/m/it/10 R$ \TU/JameelNooriNastaleeq(0)/b/n/10 پر $\OML/zplm/m/it/10 M$ \TU/Jam
eelNooriNastaleeq(0)/b/n/10 کی تظلیل $\OML/zplm/m/it/10 L$ \TU/JameelNooriNasta
leeq(0)/b/n/10 کا خاکہ بنائیں جو[]
 []

[72]
Underfull \hbox (badness 10000) in paragraph at lines 5571--5574
[][]\TU/JameelNooriNastaleeq(2)/m/n/9 تکمل کی $\OML/zplm/m/it/9 r$ \TU/JameelNo
oriNastaleeq(2)/m/n/9 حدیں: \TU/JameelNooriNastaleeq(0)/b/n/10 ہم مثبت محور $\O
ML/zplm/m/it/10 z$ \TU/JameelNooriNastaleeq(0)/b/n/10 کے ساتھ $\OML/zplm/m/it/1
0 ^^R$ \TU/JameelNooriNastaleeq(0)/b/n/10 زاویہ پر مبدا سے شعاع $\OML/zplm/m/it
/10 M$ \TU/JameelNooriNastaleeq(0)/b/n/10 کھینچتے ہیں اور ساتھ ہی مستوی $\OML/z
plm/m/it/10 xy$ \TU/JameelNooriNastaleeq(0)/b/n/10 میں اس کی تظلیل $\OML/zplm/m
/it/10 L$ \TU/JameelNooriNastaleeq(0)/b/n/10 کھینچتے ہیں[]
 []


Underfull \vbox (badness 2080) has occurred while \output is active []

 [73]
Underfull \hbox (badness 10000) in paragraph at lines 5609--5610
[][]
 []

[74]
Underfull \hbox (badness 10000) in paragraph at lines 5675--5678
[] \TU/JameelNooriNastaleeq(0)/b/n/10 اب تک ہم نلکی محدد کی تکملات کو پسندیدہ ت
رتیب $\OML/zplm/m/it/10 z$\TU/JameelNooriNastaleeq(0)/b/n/10 ، $\OML/zplm/m/it/
10 ^^Z$\TU/JameelNooriNastaleeq(0)/b/n/10 ، $\OML/zplm/m/it/10 ^^^$ \TU/JameelN
ooriNastaleeq(0)/b/n/10 سے حل کرتے آ رہے ہیں۔ بعض اوقات دیگر ترتیبات سے تکمل کا
 حل زیادہ آسان ہوتا ہے۔[]
 []

[75]
Underfull \hbox (badness 10000) in paragraph at lines 5767--5768
[][]\TU/JameelNooriNastaleeq(0)/b/n/10 سوال ۱.۲۶۷[] تا سوال ۱.۲۷۲[] میں دیے گئے
 خطہ $\OML/zplm/m/it/10 D$ \TU/JameelNooriNastaleeq(0)/b/n/10 پر تکمل $[][] \OM
L/zplm/m/it/10 F\OT1/zplm/m/n/10 (\OML/zplm/m/it/10 ^^Z\OT1/ppl/m/n/10 , \OML/z
plm/m/it/10 ^^^\OT1/ppl/m/n/10 , \OML/zplm/m/it/10 z\OT1/zplm/m/n/10 ) [] \OML/
zplm/m/it/10 z ^^Z [] ^^Z [] ^^^$ \TU/JameelNooriNastaleeq(0)/b/n/10 کی قیمت حا
صل کرنے کے لیے تہرا تکمل[]
 []

[76] [77]
Underfull \hbox (badness 10000) in paragraph at lines 5989--5990
[][]\TU/JameelNooriNastaleeq(0)/b/n/10 اب تک ہم کروی محدد کی تکملات کو پسندیدہ 
ترتیب سے حل کرتے آ رہے ہیں۔ بعض اوقات دیگر ترتیبات سے تکمل کا حل زیادہ آسان ہوت
ا ہے۔سوال ۱.۲۷۹[] تا[]
 []


Underfull \hbox (badness 1205) in paragraph at lines 6021--6034
[]   \TU/JameelNooriNastaleeq(0)/b/n/10 سوال  ۱.۲۸۴:  نیچے سے مخروط $\OML/zplm/
m/it/10 z \OT1/zplm/m/n/10 = []$ \TU/JameelNooriNastaleeq(0)/b/n/10 اور اوپر سے
 مستوی $\OML/zplm/m/it/10 z \OT1/zplm/m/n/10 = \OT1/ppl/m/n/10 1$ \TU/JameelNoo
riNastaleeq(0)/b/n/10 کے بیچ خطہ $\OML/zplm/m/it/10 D$ \TU/JameelNooriNastaleeq
(0)/b/n/10 کے حجم کا تکمل کروی محدد میں(ا)[]
 []


Underfull \hbox (badness 10000) in paragraph at lines 6034--6037
[] \TU/JameelNooriNastaleeq(0)/b/n/10 سوال ۱.۲۸۵[] تا سوال ۱.۲۹۰[] میں دیے گئے 
ٹھوس جس کے حجم کے کروی تکمل (ا) کی حدیں تلاش کریں۔ (ب) کروی تکمل حل کرتے ہوئے ج
سم کا حجم معلوم[]
 []

[78]
Underfull \hbox (badness 10000) in paragraph at lines 6211--6215
[] \TU/JameelNooriNastaleeq(0)/b/n/10 سوال  ۱.۲۹۳:  رداس $\OT1/ppl/m/n/10 2$ \T
U/JameelNooriNastaleeq(0)/b/n/10 اکائیاں کے کرہ کو ،کرہ سے مرکز سے $\OT1/ppl/m/
n/10 1$ \TU/JameelNooriNastaleeq(0)/b/n/10 اکائی دور، مستوی دو ٹکڑوں میں کاٹتی 
ہے۔ چھوٹے ٹکڑے کے حجم کا تہرا تکمل (ا)[]
 []

[79]
Overfull \hbox (20.89644pt too wide) in paragraph at lines 6241--6260
 [][][][][][][][] 
 []


Overfull \hbox (7.0152pt too wide) in paragraph at lines 6323--6335
 [][][][][][][][] 
 []

[80]
Overfull \hbox (23.74956pt too wide) in paragraph at lines 6357--6367
 [][][][][][][][] 
 []


Overfull \hbox (24.40463pt too wide) in paragraph at lines 6372--6381
 [][][][][][][][] 
 []

[81]
Underfull \hbox (badness 10000) in paragraph at lines 6498--6499
[][]
 []


Underfull \hbox (badness 10000) in paragraph at lines 6574--6584
[]   \TU/JameelNooriNastaleeq(0)/b/n/10 سوال  ۱.۳۲۶:  ایک قائمہ دائری بیلن کا ر
داس $\OT1/ppl/m/n/10 1$ \TU/JameelNooriNastaleeq(0)/b/n/10 اور قد $\OT1/ppl/m/n
/10 2$ \TU/JameelNooriNastaleeq(0)/b/n/10 ہے۔ (ا) بیلن کے محور، (ب) بیلن کے وسط
انی مرکز سے گزرتی ہوئے لکیر جو بیلن کے محور[]
 []

[82]
Underfull \hbox (badness 2368) in paragraph at lines 6584--6588
[] \TU/JameelNooriNastaleeq(0)/b/n/10 سوال  ۱.۳۲۷:  ایک قائمہ دائری مخروط کا رد
اس قاعدہ $\OT1/ppl/m/n/10 1$ \TU/JameelNooriNastaleeq(0)/b/n/10 اور قد $\OT1/pp
l/m/n/10 1$ \TU/JameelNooriNastaleeq(0)/b/n/10 ہے۔مخروط کے راس سے گزرتی ہوئی لک
یر جو مخروط کے محور کے لمب ہے کے لحاظ سے[]
 []


Underfull \hbox (badness 10000) in paragraph at lines 6598--6602
[] \TU/JameelNooriNastaleeq(0)/b/n/10 سوال  ۱.۳۲۹:  ایک قائمہ دائری مخروط کا رد
اس قاعدہ $\OML/zplm/m/it/10 a$ \TU/JameelNooriNastaleeq(0)/b/n/10 اور قد $\OML/
zplm/m/it/10 h$ \TU/JameelNooriNastaleeq(0)/b/n/10 ہے۔ اس کا جمودی معیار اثر مخ
روط کے محور کے لحاظ سے تلاش کریں۔ (اشارہ: مخروط[]
 []


Underfull \hbox (badness 10000) in paragraph at lines 6635--6639
[] \TU/JameelNooriNastaleeq(0)/b/n/10 سوال  ۱.۳۳۴:  دکھائیں کہ ایک قائمہ دائری 
ٹھوس مخروط کا وسطانی مرکز محور پر قاعدہ سے راس جانب ایک چوتھائی فاصلے پر ہو گا۔
 (عمومی طور پر مخروط اور[]
 []


Underfull \hbox (badness 2142) in paragraph at lines 6643--6654
[]   \TU/JameelNooriNastaleeq(0)/b/n/10 سوال  ۱.۳۳۶:  رداس $\OML/zplm/m/it/10 R
$ \TU/JameelNooriNastaleeq(0)/b/n/10 کے ایک سیارہ پر ہوا کی کثافت $\OML/zplm/m/
it/10 ^^V \OT1/zplm/m/n/10 = \OML/zplm/m/it/10 ^^V[]e[]$ \TU/JameelNooriNastale
eq(0)/b/n/10 ہے جہاں سیارہ کی سطح سے بلندی $\OML/zplm/m/it/10 h$ \TU/JameelNoor
iNastaleeq(0)/b/n/10 ہے جبکہ سیارہ کی سطح پر ہوا کی[]
 []


Underfull \hbox (badness 10000) in paragraph at lines 6654--6658
[] \TU/JameelNooriNastaleeq(0)/b/n/10 سوال  ۱.۳۳۷:  ایک سیارہ کا رداس $\OML/zpl
m/m/it/10 R$ \TU/JameelNooriNastaleeq(0)/b/n/10 اور کمیت $\OML/zplm/m/it/10 M$ 
\TU/JameelNooriNastaleeq(0)/b/n/10 ہے۔ اس کی کثافت کروی تشاکلی ہے جو سطح سے مرک
ز تک خطی بڑھتی ہے۔ سیارہ کی سطحی کثافت[]
 []

Missing character: There is no ﻿ (U+FEFF) in font Jameel Noori Nastaleeq/OT:scr
ipt=arab;language=dflt;mapping=tex-text;!

Underfull \hbox (badness 10000) in paragraph at lines 6669--6671
[]\TU/JameelNooriNastaleeq(0)/b/n/10 ﻿[] اس حصہ میں بارہا تکمل کی قیمت کا حصول 
بذریعہ بدل سکھایا جائے گا۔ واحد تکمل کی طرح یہاں بھی پیچیدہ تکمل کو سادہ تکمل س
ے بدلا جاتا ہے۔ بدل سے متکمل یا[]
 []


Underfull \vbox (badness 1448) has occurred while \output is active []

 [83]
Underfull \hbox (badness 6032) in paragraph at lines 6676--6677
[]\TU/JameelNooriNastaleeq(0)/b/n/10 ہم قطبی محدد کی بدل کا استعمال حصہ ۱.۳[] م
یں دیکھ چکے ہیں جو دہرا تکملات کی بدل، جس میں متغیرات کی تبدیلی کو خطے کی تبدیل
ی تصور کیا جاتا ہے، کی ایک مخصوص[]
 []

LaTeX Info: Redefining \rmfamily on input line 6681.
LaTeX Info: Redefining \sffamily on input line 6681.
LaTeX Info: Redefining \ttfamily on input line 6681.
LaTeX Info: Redefining \rmfamily on input line 6681.
LaTeX Info: Redefining \sffamily on input line 6681.
LaTeX Info: Redefining \ttfamily on input line 6681.

Underfull \hbox (badness 10000) in paragraph at lines 6680--6712
[]$\OML/zplm/m/it/10 R$ \TU/JameelNooriNastaleeq(0)/b/n/10 میں کسی بھی تفاعل $\
OML/zplm/m/it/10 f\OT1/zplm/m/n/10 (\OML/zplm/m/it/10 x\OT1/ppl/m/n/10 , \OML/z
plm/m/it/10 y\OT1/zplm/m/n/10 )$ \TU/JameelNooriNastaleeq(0)/b/n/10 کو خطہ $\OM
L/zplm/m/it/10 G$ \TU/JameelNooriNastaleeq(0)/b/n/10 میں معین تفاعل $\OML/zplm/
m/it/10 f\OT1/zplm/m/n/10 (\OML/zplm/m/it/10 g\OT1/zplm/m/n/10 (\OML/zplm/m/it/
10 u\OT1/ppl/m/n/10 , \OML/zplm/m/it/10 v\OT1/zplm/m/n/10 )\OT1/ppl/m/n/10 , \O
ML/zplm/m/it/10 h\OT1/zplm/m/n/10 (\OML/zplm/m/it/10 u\OT1/ppl/m/n/10 , \OML/zp
lm/m/it/10 v\OT1/zplm/m/n/10 ))$ \TU/JameelNooriNastaleeq(0)/b/n/10 بھی تصور کی
ا جا سکتا ہے۔ خطہ $\OML/zplm/m/it/10 R$ \TU/JameelNooriNastaleeq(0)/b/n/10 میں 
$\OML/zplm/m/it/10 f\OT1/zplm/m/n/10 (\OML/zplm/m/it/10 x\OT1/ppl/m/n/10 , \OML
/zplm/m/it/10 y\OT1/zplm/m/n/10 )$[]
 []


Underfull \hbox (badness 10000) in paragraph at lines 6714--6715
[][]\TU/JameelNooriNastaleeq(0)/b/n/10 اس کا جواب: اگر $\OML/zplm/m/it/10 g$\TU
/JameelNooriNastaleeq(0)/b/n/10 ، $\OML/zplm/m/it/10 h$ \TU/JameelNooriNastalee
q(0)/b/n/10 اور $\OML/zplm/m/it/10 f$ \TU/JameelNooriNastaleeq(0)/b/n/10 کے جزو
ی تفارق استمراری ہوں اور $\OML/zplm/m/it/10 J\OT1/zplm/m/n/10 (\OML/zplm/m/it/1
0 u\OT1/ppl/m/n/10 , \OML/zplm/m/it/10 v\OT1/zplm/m/n/10 )$ \TU/JameelNooriNast
aleeq(0)/b/n/10 (جس پر جلد تبصرہ کیا جائے گا) صرف تنہا نقطوں پر صفر ہو (اگر صفر
 ہو[]
 []

LaTeX Info: Redefining \rmfamily on input line 6722.
LaTeX Info: Redefining \sffamily on input line 6722.
LaTeX Info: Redefining \ttfamily on input line 6722.
[84]
Underfull \hbox (badness 10000) in paragraph at lines 6737--6739
[]\TU/JameelNooriNastaleeq(0)/b/n/10 سے بھی ظاہر کیا جاتا ہے جو ہمیں یاد دلاتا 
ہے کہ $\OML/zplm/m/it/10 x$ \TU/JameelNooriNastaleeq(0)/b/n/10 اور $\OML/zplm/m
/it/10 y$ \TU/JameelNooriNastaleeq(0)/b/n/10 کی جزوی تفارق سے یعقوبی (مساوات ۲[
]) حاصل ہوتا ہے۔مساوات ۱[] کی استخراج آپ کو اعلیٰ احصاء[]
 []

Package pgfplots info on input line 6801: fill between: activating layered grap
hics
Package pgfplots info on input line 6801: Setting layers 'axis background,axis 
grid,axis ticks,axis lines,axis tick labels,pre main,main,axis descriptions,axi
s foreground'...
Package pgfplots info on input line 6801: the combination of 'axis on top' and 
'activate layers' implies 'set layers=axis on top'. Deactivate 'axis on top' if
 you want other layers.
Package pgfplots info on input line 6801: Setting layers 'axis background,pre m
ain,main,axis grid,axis ticks,axis lines,axis tick labels,axis descriptions,axi
s foreground'...

Underfull \hbox (badness 10000) in paragraph at lines 6813--6814
[][]\TU/JameelNooriNastaleeq(0)/b/n/10 دھیان رہے کہ مساوات ۳[] کی دائیں ہاتھ می
ں قطبی محددی مستوی میں کسی خطہ پر $\OML/zplm/m/it/10 f\OT1/zplm/m/n/10 (\OML/zp
lm/m/it/10 r [] ^^R\OT1/ppl/m/n/10 , \OML/zplm/m/it/10 r [] ^^R\OT1/zplm/m/n/10
 )$ \TU/JameelNooriNastaleeq(0)/b/n/10 کا تکمل نہیں بلکہ کارتیسی $\OML/zplm/m/i
t/10 r\OT1/ppl/m/n/10 , \OML/zplm/m/it/10 ^^R$ \TU/JameelNooriNastaleeq(0)/b/n/
10 مستوی کے[]
 []

[85]
Overfull \hbox (22.44054pt too wide) in paragraph at lines 6834--6844
 [][][][][][] 
 []


Underfull \hbox (badness 10000) in paragraph at lines 6866--6867
[][]\TU/JameelNooriNastaleeq(0)/b/n/10 مساوات ۱[] استعمال کرنے کی خاطر ہمیں مست
وی $\OML/zplm/m/it/10 uv$ \TU/JameelNooriNastaleeq(0)/b/n/10 میں مطابقتی خطہ $\
OML/zplm/m/it/10 G$ \TU/JameelNooriNastaleeq(0)/b/n/10 اور تبادل کا یعقوبی معلو
م کرنے ہوں گے۔ انہیں دریافت کرنے کے لیے ہم[]
 []


Overfull \hbox (0.7713pt too wide) in paragraph at lines 6876--6876
[][] []
 []

[86] [87]
Overfull \hbox (10.33948pt too wide) in paragraph at lines 6918--6927
 [][][][][][] 
 []


Overfull \hbox (14.44635pt too wide) in paragraph at lines 6930--6939
 [][][][][][] 
 []


Underfull \vbox (badness 3758) has occurred while \output is active []

 [88]
Underfull \hbox (badness 2103) in paragraph at lines 7017--7017
[][]\TU/JameelNooriNastaleeq(0)/b/n/10 شكل ۱.۸۷: |کارتیسی $\OML/zplm/m/it/10 xy
z$ \TU/JameelNooriNastaleeq(0)/b/n/10 فضا میں خطہ $\OML/zplm/m/it/10 D$ \TU/Jam
eelNooriNastaleeq(0)/b/n/10 پر تکمل کا تبادلہ مساوات $\OML/zplm/m/it/10 x \OT1/
zplm/m/n/10 = \OML/zplm/m/it/10 g\OT1/zplm/m/n/10 (\OML/zplm/m/it/10 u\OT1/ppl/
m/n/10 , \OML/zplm/m/it/10 v\OT1/ppl/m/n/10 , \OML/zplm/m/it/10 w\OT1/zplm/m/n/
10 )$\TU/JameelNooriNastaleeq(0)/b/n/10 ، $\OML/zplm/m/it/10 y \OT1/zplm/m/n/10
 = \OML/zplm/m/it/10 h\OT1/zplm/m/n/10 (\OML/zplm/m/it/10 u\OT1/ppl/m/n/10 , \O
ML/zplm/m/it/10 v\OT1/ppl/m/n/10 , \OML/zplm/m/it/10 w\OT1/zplm/m/n/10 )$\TU/Ja
meelNooriNastaleeq(0)/b/n/10 ، $\OML/zplm/m/it/10 z \OT1/zplm/m/n/10 =$[]
 []


Underfull \hbox (badness 10000) in paragraph at lines 6988--7020
[]\TU/JameelNooriNastaleeq(0)/b/n/10 نلکی اور کروی بدل ان بدل کی خصوصی صورتیں ہ
یں جو تہرا تکملات کے متغیرات کی تبدیلی کو تین بُعدی فضا کا تبادل تصور کرتے ہیں۔
 یہ ترکیب دوہرا تکملات کی[]
 []


Underfull \hbox (badness 10000) in paragraph at lines 7022--7023
[][]\TU/JameelNooriNastaleeq(0)/b/n/10 فرض کریں $\OML/zplm/m/it/10 uvw$ \TU/Jam
eelNooriNastaleeq(0)/b/n/10 فضا میں خطہ $\OML/zplm/m/it/10 G$ \TU/JameelNooriNa
staleeq(0)/b/n/10 کا تبادلہ یک بہ یک مطابقت کے ساتھ $\OML/zplm/m/it/10 xyz$ \TU
/JameelNooriNastaleeq(0)/b/n/10 فضا کے خطہ $\OML/zplm/m/it/10 D$ \TU/JameelNoor
iNastaleeq(0)/b/n/10 میں درج ذیل روپ کی مساواتوں سے کیا جاتا ہے[]
 []

[89]
Underfull \hbox (badness 10000) in paragraph at lines 7029--7031
[]\TU/JameelNooriNastaleeq(0)/b/n/10 تصور کیا جا سکتا ہے۔اگر $\OML/zplm/m/it/10
 g$\TU/JameelNooriNastaleeq(0)/b/n/10 ، $\OML/zplm/m/it/10 h$ \TU/JameelNooriNa
staleeq(0)/b/n/10 اور $\OML/zplm/m/it/10 k$ \TU/JameelNooriNastaleeq(0)/b/n/10 
کے اول جزوی تفارق استمراری ہوں تب $\OML/zplm/m/it/10 D$ \TU/JameelNooriNastalee
q(0)/b/n/10 پر $\OML/zplm/m/it/10 F$ \TU/JameelNooriNastaleeq(0)/b/n/10 کے تکمل
 کا $\OML/zplm/m/it/10 G$ \TU/JameelNooriNastaleeq(0)/b/n/10 پر $\OML/zplm/m/it
/10 H\OT1/zplm/m/n/10 (\OML/zplm/m/it/10 u\OT1/ppl/m/n/10 , \OML/zplm/m/it/10 v
\OT1/ppl/m/n/10 , \OML/zplm/m/it/10 w\OT1/zplm/m/n/10 )$ \TU/JameelNooriNastale
eq(0)/b/n/10 کے تکمل کے ساتھ[]
 []

LaTeX Info: Redefining \rmfamily on input line 7034.
LaTeX Info: Redefining \sffamily on input line 7034.
LaTeX Info: Redefining \ttfamily on input line 7034.

Overfull \hbox (39.07079pt too wide) in paragraph at lines 7057--7057
[][][] []
 []


Overfull \hbox (18.25047pt too wide) in paragraph at lines 7057--7057
[][] []
 []

Package pgfplots info on input line 7085: fill between: activating layered grap
hics
Package pgfplots info on input line 7085: Setting layers 'axis background,axis 
grid,axis ticks,axis lines,axis tick labels,pre main,main,axis descriptions,axi
s foreground'...
[90]
Overfull \hbox (39.07079pt too wide) in paragraph at lines 7134--7134
[][][] []
 []


Overfull \hbox (18.25047pt too wide) in paragraph at lines 7134--7134
[][] []
 []

Package pgfplots info on input line 7165: fill between: activating layered grap
hics
Package pgfplots info on input line 7165: Setting layers 'axis background,axis 
grid,axis ticks,axis lines,axis tick labels,pre main,main,axis descriptions,axi
s foreground'...

Underfull \hbox (badness 10000) in paragraph at lines 7175--7176
[][]\TU/JameelNooriNastaleeq(0)/b/n/10 کروی محدد میں $\OML/zplm/m/it/10 u$\TU/J
ameelNooriNastaleeq(0)/b/n/10 ، $\OML/zplm/m/it/10 v$ \TU/JameelNooriNastaleeq(
0)/b/n/10 اور $\OML/zplm/m/it/10 w$ \TU/JameelNooriNastaleeq(0)/b/n/10 کی جگہ $
\OML/zplm/m/it/10 r$\TU/JameelNooriNastaleeq(0)/b/n/10 ، $\OML/zplm/m/it/10 ^^R
$ \TU/JameelNooriNastaleeq(0)/b/n/10 اور $\OML/zplm/m/it/10 ^^^$ \TU/JameelNoor
iNastaleeq(0)/b/n/10 ہوں گے۔ کارتیسی $\OML/zplm/m/it/10 r^^R^^^$ \TU/JameelNoor
iNastaleeq(0)/b/n/10 فضا سے کارتیسی $\OML/zplm/m/it/10 xyz$ \TU/JameelNooriNast
aleeq(0)/b/n/10 فضا میں تبادل درج ذیل مساوات دیں گی[]
 []

[91]
Underfull \hbox (badness 10000) in paragraph at lines 7243--7244
[][]\TU/JameelNooriNastaleeq(0)/b/n/10 مساوات ۷[] استعمال کرنے کے لیے ہمیں $\OM
L/zplm/m/it/10 uvw$ \TU/JameelNooriNastaleeq(0)/b/n/10 فضا میں مطابقتی خطہ $\OM
L/zplm/m/it/10 G$ \TU/JameelNooriNastaleeq(0)/b/n/10 اور تبادل کا یعقوبی جاننا 
ہو گا۔ ہم مساوات ۱۲[] کو $\OML/zplm/m/it/10 x$\TU/JameelNooriNastaleeq(0)/b/n/1
0 ، $\OML/zplm/m/it/10 y$ \TU/JameelNooriNastaleeq(0)/b/n/10 اور $\OML/zplm/m/i
t/10 z$ \TU/JameelNooriNastaleeq(0)/b/n/10 کے لیے $\OML/zplm/m/it/10 u$\TU/Jame
elNooriNastaleeq(0)/b/n/10 ، $\OML/zplm/m/it/10 v$[]
 []

[92]
Overfull \hbox (5.71677pt too wide) in paragraph at lines 7252--7252
[][] []
 []


Overfull \hbox (32.5368pt too wide) detected at line 7284
[]
 []

[93] [94]
Underfull \hbox (badness 1354) in paragraph at lines 7414--7424
[]   \TU/JameelNooriNastaleeq(0)/b/n/10 سوال  ۱.۳۴۹:  (ا) تبادل $\OML/zplm/m/it
/10 x \OT1/zplm/m/n/10 = \OML/zplm/m/it/10 u$\TU/JameelNooriNastaleeq(0)/b/n/10
 ، $\OML/zplm/m/it/10 y \OT1/zplm/m/n/10 = \OML/zplm/m/it/10 uv$ \TU/JameelNoor
iNastaleeq(0)/b/n/10 کا یعقوبی تلاش کریں اور خطہ $\OML/zplm/m/it/10 G \OT1/zplm
/m/n/10 : \OT1/ppl/m/n/10 1 \OMS/zplm/m/n/10 ^^T \OML/zplm/m/it/10 u \OMS/zplm/
m/n/10 ^^T \OT1/ppl/m/n/10 2,  1 \OMS/zplm/m/n/10 ^^T$[]
 []

[95]
Underfull \hbox (badness 10000) in paragraph at lines 7455--7460
[]\TU/JameelNooriNastaleeq(0)/b/n/10 سوال  ۱.۳۵۴: []کارتیسی $\OML/zplm/m/it/10 
r^^R^^^$ \TU/JameelNooriNastaleeq(0)/b/n/10 فضا سے کارتیسی $\OML/zplm/m/it/10 x
yz$ \TU/JameelNooriNastaleeq(0)/b/n/10 فضا کے تبادل کا یعقوبی مساوات ۱۰[] کا مق
طع دیتا ہے۔ اس مقطع کو حل کر کے اس کی قیمت[]
 []

[96]
Underfull \hbox (badness 10000) in paragraph at lines 7492--7502
[]   \TU/JameelNooriNastaleeq(0)/b/n/10 سوال  ۱.۳۵۹:  یہ جانتے ہوئے کہ نصف کرہ 
کا مرکز کمیت کرہ کے قاعدہ سے سر جانب محور تشاکلی پر تین آٹھواں فاصلہ پر ہے، موز
وں تکملات کو بدل کر[]
 []


Underfull \hbox (badness 10000) in paragraph at lines 7504--7508
[] \TU/JameelNooriNastaleeq(0)/b/n/10 سوال  ۱.۳۶۰:  واحد متغیر کے تکملات میں بد
ل کو کس طرح ترکیب تبادل کا ایک خصوصی روپ تصور کیا جا سکتا ہے؟ ان میں یعقوبی کی 
قیمت کیا ہو گی؟ ایک[]
 []

) [97] [98





]
kkk: am about to put answers at the end of the book
(./answer.tex
LaTeX Font Info:    Font shape `TU/AASameerSagarNastaleeqBold(0)/m/n' will be
(Font)              scaled to size 9.0pt on input line 1.
LaTeX Font Info:    Font shape `TU/JameelNooriNastaleeq(0)/m/n' will be
(Font)              scaled to size 9.0pt on input line 2.
LaTeX Font Info:    Font shape `TU/JameelNooriNastaleeq(2)/b/n' will be
(Font)              scaled to size 9.0pt on input line 5.
Package pgfplots info on input line 18: fill between: activating layered graphi
cs
Package pgfplots info on input line 18: Setting layers 'axis background,axis gr
id,axis ticks,axis lines,axis tick labels,pre main,main,axis descriptions,axis 
foreground'...
Package pgfplots info on input line 18: the combination of 'axis on top' and 'a
ctivate layers' implies 'set layers=axis on top'. Deactivate 'axis on top' if y
ou want other layers.
Package pgfplots info on input line 18: Setting layers 'axis background,pre mai
n,main,axis grid,axis ticks,axis lines,axis tick labels,axis descriptions,axis 
foreground'...

Overfull \hbox (13.75269pt too wide) in paragraph at lines 18--18
 [][][][][] 
 []

Package pgfplots info on input line 22: fill between: activating layered graphi
cs
Package pgfplots info on input line 22: Setting layers 'axis background,axis gr
id,axis ticks,axis lines,axis tick labels,pre main,main,axis descriptions,axis 
foreground'...
Package pgfplots info on input line 22: the combination of 'axis on top' and 'a
ctivate layers' implies 'set layers=axis on top'. Deactivate 'axis on top' if y
ou want other layers.
Package pgfplots info on input line 22: Setting layers 'axis background,pre mai
n,main,axis grid,axis ticks,axis lines,axis tick labels,axis descriptions,axis 
foreground'...

Overfull \hbox (5.43436pt too wide) in paragraph at lines 22--22
 [][][][][] 
 []


Overfull \hbox (33.53041pt too wide) in paragraph at lines 38--38
 [][][][][] 
 []

[99
















]
Package pgfplots info on input line 42: fill between: activating layered graphi
cs
Package pgfplots info on input line 42: Setting layers 'axis background,axis gr
id,axis ticks,axis lines,axis tick labels,pre main,main,axis descriptions,axis 
foreground'...
Package pgfplots info on input line 42: the combination of 'axis on top' and 'a
ctivate layers' implies 'set layers=axis on top'. Deactivate 'axis on top' if y
ou want other layers.
Package pgfplots info on input line 42: Setting layers 'axis background,pre mai
n,main,axis grid,axis ticks,axis lines,axis tick labels,axis descriptions,axis 
foreground'...

Overfull \hbox (6.90096pt too wide) in paragraph at lines 42--42
 [][][][][] 
 []

Package pgfplots info on input line 46: fill between: activating layered graphi
cs
Package pgfplots info on input line 46: Setting layers 'axis background,axis gr
id,axis ticks,axis lines,axis tick labels,pre main,main,axis descriptions,axis 
foreground'...
Package pgfplots info on input line 46: the combination of 'axis on top' and 'a
ctivate layers' implies 'set layers=axis on top'. Deactivate 'axis on top' if y
ou want other layers.
Package pgfplots info on input line 46: Setting layers 'axis background,pre mai
n,main,axis grid,axis ticks,axis lines,axis tick labels,axis descriptions,axis 
foreground'...

Overfull \hbox (5.43436pt too wide) in paragraph at lines 46--46
 [][][][][] 
 []

Package pgfplots info on input line 50: fill between: activating layered graphi
cs
Package pgfplots info on input line 50: Setting layers 'axis background,axis gr
id,axis ticks,axis lines,axis tick labels,pre main,main,axis descriptions,axis 
foreground'...
Package pgfplots info on input line 50: the combination of 'axis on top' and 'a
ctivate layers' implies 'set layers=axis on top'. Deactivate 'axis on top' if y
ou want other layers.
Package pgfplots info on input line 50: Setting layers 'axis background,pre mai
n,main,axis grid,axis ticks,axis lines,axis tick labels,axis descriptions,axis 
foreground'...

Overfull \hbox (5.43242pt too wide) in paragraph at lines 50--50
 [][][][][] 
 []

Package pgfplots info on input line 54: fill between: activating layered graphi
cs
Package pgfplots info on input line 54: Setting layers 'axis background,axis gr
id,axis ticks,axis lines,axis tick labels,pre main,main,axis descriptions,axis 
foreground'...
Package pgfplots info on input line 54: the combination of 'axis on top' and 'a
ctivate layers' implies 'set layers=axis on top'. Deactivate 'axis on top' if y
ou want other layers.
Package pgfplots info on input line 54: Setting layers 'axis background,pre mai
n,main,axis grid,axis ticks,axis lines,axis tick labels,axis descriptions,axis 
foreground'...

Overfull \hbox (5.43631pt too wide) in paragraph at lines 54--54
 [][][][][] 
 []

Package pgfplots info on input line 58: fill between: activating layered graphi
cs
Package pgfplots info on input line 58: Setting layers 'axis background,axis gr
id,axis ticks,axis lines,axis tick labels,pre main,main,axis descriptions,axis 
foreground'...
Package pgfplots info on input line 58: the combination of 'axis on top' and 'a
ctivate layers' implies 'set layers=axis on top'. Deactivate 'axis on top' if y
ou want other layers.
Package pgfplots info on input line 58: Setting layers 'axis background,pre mai
n,main,axis grid,axis ticks,axis lines,axis tick labels,axis descriptions,axis 
foreground'...

Overfull \hbox (5.43457pt too wide) in paragraph at lines 58--58
 [][][][][] 
 []

Package pgfplots info on input line 62: fill between: activating layered graphi
cs
Package pgfplots info on input line 62: Setting layers 'axis background,axis gr
id,axis ticks,axis lines,axis tick labels,pre main,main,axis descriptions,axis 
foreground'...
Package pgfplots info on input line 62: the combination of 'axis on top' and 'a
ctivate layers' implies 'set layers=axis on top'. Deactivate 'axis on top' if y
ou want other layers.
Package pgfplots info on input line 62: Setting layers 'axis background,pre mai
n,main,axis grid,axis ticks,axis lines,axis tick labels,axis descriptions,axis 
foreground'...

Overfull \hbox (7.87163pt too wide) in paragraph at lines 62--62
 [][][][][] 
 []

[100]
Package pgfplots info on input line 66: fill between: activating layered graphi
cs
Package pgfplots info on input line 66: Setting layers 'axis background,axis gr
id,axis ticks,axis lines,axis tick labels,pre main,main,axis descriptions,axis 
foreground'...
Package pgfplots info on input line 66: the combination of 'axis on top' and 'a
ctivate layers' implies 'set layers=axis on top'. Deactivate 'axis on top' if y
ou want other layers.
Package pgfplots info on input line 66: Setting layers 'axis background,pre mai
n,main,axis grid,axis ticks,axis lines,axis tick labels,axis descriptions,axis 
foreground'...

Overfull \hbox (7.26364pt too wide) in paragraph at lines 66--66
 [][][][][] 
 []

Package pgfplots info on input line 70: fill between: activating layered graphi
cs
Package pgfplots info on input line 70: Setting layers 'axis background,axis gr
id,axis ticks,axis lines,axis tick labels,pre main,main,axis descriptions,axis 
foreground'...
Package pgfplots info on input line 70: the combination of 'axis on top' and 'a
ctivate layers' implies 'set layers=axis on top'. Deactivate 'axis on top' if y
ou want other layers.
Package pgfplots info on input line 70: Setting layers 'axis background,pre mai
n,main,axis grid,axis ticks,axis lines,axis tick labels,axis descriptions,axis 
foreground'...

Overfull \hbox (5.43658pt too wide) in paragraph at lines 70--70
 [][][][][] 
 []

Package pgfplots info on input line 74: fill between: activating layered graphi
cs
Package pgfplots info on input line 74: Setting layers 'axis background,axis gr
id,axis ticks,axis lines,axis tick labels,pre main,main,axis descriptions,axis 
foreground'...
Package pgfplots info on input line 74: the combination of 'axis on top' and 'a
ctivate layers' implies 'set layers=axis on top'. Deactivate 'axis on top' if y
ou want other layers.
Package pgfplots info on input line 74: Setting layers 'axis background,pre mai
n,main,axis grid,axis ticks,axis lines,axis tick labels,axis descriptions,axis 
foreground'...

Overfull \hbox (24.89178pt too wide) in paragraph at lines 74--74
 [][][][][] 
 []

Package pgfplots info on input line 78: fill between: activating layered graphi
cs
Package pgfplots info on input line 78: Setting layers 'axis background,axis gr
id,axis ticks,axis lines,axis tick labels,pre main,main,axis descriptions,axis 
foreground'...
Package pgfplots info on input line 78: the combination of 'axis on top' and 'a
ctivate layers' implies 'set layers=axis on top'. Deactivate 'axis on top' if y
ou want other layers.
Package pgfplots info on input line 78: Setting layers 'axis background,pre mai
n,main,axis grid,axis ticks,axis lines,axis tick labels,axis descriptions,axis 
foreground'...

Overfull \hbox (23.42679pt too wide) in paragraph at lines 78--78
 [][][][][] 
 []

Package pgfplots info on input line 122: fill between: activating layered graph
ics
Package pgfplots info on input line 122: Setting layers 'axis background,axis g
rid,axis ticks,axis lines,axis tick labels,pre main,main,axis descriptions,axis
 foreground'...
Package pgfplots info on input line 122: the combination of 'axis on top' and '
activate layers' implies 'set layers=axis on top'. Deactivate 'axis on top' if 
you want other layers.
Package pgfplots info on input line 122: Setting layers 'axis background,pre ma
in,main,axis grid,axis ticks,axis lines,axis tick labels,axis descriptions,axis
 foreground'...

Overfull \hbox (5.4332pt too wide) in paragraph at lines 122--122
 [][][][][] 
 []

[101]
Package pgfplots info on input line 141: fill between: activating layered graph
ics
Package pgfplots info on input line 141: Setting layers 'axis background,axis g
rid,axis ticks,axis lines,axis tick labels,pre main,main,axis descriptions,axis
 foreground'...
Package pgfplots info on input line 141: the combination of 'axis on top' and '
activate layers' implies 'set layers=axis on top'. Deactivate 'axis on top' if 
you want other layers.
Package pgfplots info on input line 141: Setting layers 'axis background,pre ma
in,main,axis grid,axis ticks,axis lines,axis tick labels,axis descriptions,axis
 foreground'...

Overfull \hbox (16.4374pt too wide) in paragraph at lines 141--141
 [][][][][] 
 []

Package pgfplots info on input line 145: fill between: activating layered graph
ics
Package pgfplots info on input line 145: Setting layers 'axis background,axis g
rid,axis ticks,axis lines,axis tick labels,pre main,main,axis descriptions,axis
 foreground'...
Package pgfplots info on input line 145: the combination of 'axis on top' and '
activate layers' implies 'set layers=axis on top'. Deactivate 'axis on top' if 
you want other layers.
Package pgfplots info on input line 145: Setting layers 'axis background,pre ma
in,main,axis grid,axis ticks,axis lines,axis tick labels,axis descriptions,axis
 foreground'...

Overfull \hbox (6.51755pt too wide) in paragraph at lines 145--145
 [][][][][] 
 []

Package pgfplots info on input line 149: fill between: activating layered graph
ics
Package pgfplots info on input line 149: Setting layers 'axis background,axis g
rid,axis ticks,axis lines,axis tick labels,pre main,main,axis descriptions,axis
 foreground'...
Package pgfplots info on input line 149: the combination of 'axis on top' and '
activate layers' implies 'set layers=axis on top'. Deactivate 'axis on top' if 
you want other layers.
Package pgfplots info on input line 149: Setting layers 'axis background,pre ma
in,main,axis grid,axis ticks,axis lines,axis tick labels,axis descriptions,axis
 foreground'...

Overfull \hbox (6.51363pt too wide) in paragraph at lines 149--149
 [][][][][] 
 []

Package pgfplots info on input line 153: fill between: activating layered graph
ics
Package pgfplots info on input line 153: Setting layers 'axis background,axis g
rid,axis ticks,axis lines,axis tick labels,pre main,main,axis descriptions,axis
 foreground'...
Package pgfplots info on input line 153: the combination of 'axis on top' and '
activate layers' implies 'set layers=axis on top'. Deactivate 'axis on top' if 
you want other layers.
Package pgfplots info on input line 153: Setting layers 'axis background,pre ma
in,main,axis grid,axis ticks,axis lines,axis tick labels,axis descriptions,axis
 foreground'...

Overfull \hbox (6.51376pt too wide) in paragraph at lines 153--153
 [][][][][] 
 []

Package pgfplots info on input line 157: fill between: activating layered graph
ics
Package pgfplots info on input line 157: Setting layers 'axis background,axis g
rid,axis ticks,axis lines,axis tick labels,pre main,main,axis descriptions,axis
 foreground'...
Package pgfplots info on input line 157: the combination of 'axis on top' and '
activate layers' implies 'set layers=axis on top'. Deactivate 'axis on top' if 
you want other layers.
Package pgfplots info on input line 157: Setting layers 'axis background,pre ma
in,main,axis grid,axis ticks,axis lines,axis tick labels,axis descriptions,axis
 foreground'...

Overfull \hbox (27.95819pt too wide) in paragraph at lines 157--157
 [][][][][] 
 []

[102]
Package pgfplots info on input line 161: fill between: activating layered graph
ics
Package pgfplots info on input line 161: Setting layers 'axis background,axis g
rid,axis ticks,axis lines,axis tick labels,pre main,main,axis descriptions,axis
 foreground'...
Package pgfplots info on input line 161: the combination of 'axis on top' and '
activate layers' implies 'set layers=axis on top'. Deactivate 'axis on top' if 
you want other layers.
Package pgfplots info on input line 161: Setting layers 'axis background,pre ma
in,main,axis grid,axis ticks,axis lines,axis tick labels,axis descriptions,axis
 foreground'...

Overfull \hbox (26.92354pt too wide) in paragraph at lines 161--161
 [][][][][] 
 []


Underfull \hbox (badness 10000) in paragraph at lines 233--236
[][]\TU/JameelNooriNastaleeq(2)/b/n/9 (ا) $\OT1/zplm/m/n/9 ([]\OT1/ppl/m/n/9 , 
[]\OT1/zplm/m/n/9 )$\TU/JameelNooriNastaleeq(2)/b/n/9 ، (ب) $\OT1/zplm/m/n/9 ([
]\OT1/ppl/m/n/9 , []\OT1/zplm/m/n/9 )$\TU/JameelNooriNastaleeq(2)/b/n/9 ، (ج) $
\OT1/zplm/m/n/9 ([]\OT1/ppl/m/n/9 , []\OT1/zplm/m/n/9 )$\TU/JameelNooriNastalee
q(2)/b/n/9 ، (د)[]
 []


Underfull \hbox (badness 10000) in paragraph at lines 335--338
[]$[][] [][] [][] [] \OML/zplm/m/it/9 x [] y [] z$ \TU/JameelNooriNastaleeq(2)/
b/n/9 تمام[]
 []


Underfull \hbox (badness 10000) in paragraph at lines 339--342
[]$[][] [][] [][] \OT1/ppl/m/n/9 1 [] \OML/zplm/m/it/9 x [] z [] y \OT1/zplm/m/
n/9 +$[]
 []


Underfull \hbox (badness 10000) in paragraph at lines 339--342
[]$[][] [][] [][] \OT1/ppl/m/n/9 1 [] \OML/zplm/m/it/9 x [] y [] z \OT1/zplm/m/
n/9 +$[]
 []


Underfull \hbox (badness 10000) in paragraph at lines 339--342
[]$[][] [][] [][] \OT1/ppl/m/n/9 1 [] \OML/zplm/m/it/9 y [] z [] x \OT1/zplm/m/
n/9 +$[]
 []


Underfull \hbox (badness 10000) in paragraph at lines 339--342
[]$[][] [][] [][] \OT1/ppl/m/n/9 1 [] \OML/zplm/m/it/9 y [] x [] z \OT1/zplm/m/
n/9 +$[]
 []


Underfull \hbox (badness 10000) in paragraph at lines 339--342
[]$[][] [][] [][] \OT1/ppl/m/n/9 1 [] \OML/zplm/m/it/9 y [] x [] zS$ \TU/Jameel
NooriNastaleeq(2)/b/n/9 تمام تکملات[]
 []

[103]
Overfull \hbox (66.3694pt too wide) in paragraph at lines 446--449
[]\TU/JameelNooriNastaleeq(2)/b/n/9 (ب) $[][] [][] [][] \OML/zplm/m/it/9 ^^Z []
 ^^Z [] z [] ^^^ \OT1/zplm/m/n/9 + [][] [][] [][] \OML/zplm/m/it/9 ^^Z [] ^^Z [
] z [] ^^^$ []
 []


Overfull \hbox (7.66185pt too wide) in paragraph at lines 454--457
[][]$[][] [][] [][] \OML/zplm/m/it/9 F\OT1/zplm/m/n/9 (\OML/zplm/m/it/9 ^^Z\OT1
/ppl/m/n/9 , \OML/zplm/m/it/9 ^^^\OT1/ppl/m/n/9 , \OML/zplm/m/it/9 z\OT1/zplm/m
/n/9 ) [] \OML/zplm/m/it/9 z ^^Z [] ^^Z [] ^^^$ []
 []


Overfull \hbox (10.00536pt too wide) in paragraph at lines 462--465
[][]$[][] [][] [][] \OML/zplm/m/it/9 F\OT1/zplm/m/n/9 (\OML/zplm/m/it/9 ^^Z\OT1
/ppl/m/n/9 , \OML/zplm/m/it/9 ^^^\OT1/ppl/m/n/9 , \OML/zplm/m/it/9 z\OT1/zplm/m
/n/9 ) [] \OML/zplm/m/it/9 z ^^Z [] ^^Z [] ^^^$ []
 []


Underfull \hbox (badness 10000) in paragraph at lines 486--489
[][]\TU/JameelNooriNastaleeq(2)/b/n/9 (ا) $[][] [][] [][] \OML/zplm/m/it/9 r[] 
[] ^^R [] r [] ^^R [] ^^^ \OT1/zplm/m/n/9 +$[]
 []


Overfull \hbox (7.2093pt too wide) in paragraph at lines 486--489
[]\TU/JameelNooriNastaleeq(2)/b/n/9 (ب) $[][] [][] [][] \OML/zplm/m/it/9 r[] []
 ^^R [] ^^R [] r [] ^^^ \OT1/zplm/m/n/9 +$[]
 []


Underfull \hbox (badness 10000) in paragraph at lines 490--493
[][]$[][] [][] [][] \OML/zplm/m/it/9 r[] [] ^^R [] r [] ^^R [] ^^^ \OT1/zplm/m/
n/9 =$[]
 []


Underfull \hbox (badness 10000) in paragraph at lines 494--497
[][]$[][] [][] [][] \OML/zplm/m/it/9 r[] [] ^^R [] r [] ^^R [] ^^^ \OT1/zplm/m/
n/9 =$[]
 []

[104])
kkk: finished putting answers at the end of the book
[105] (./calculusAndAnalyticGeometry.aux
No file ./tex/calculusPreface.aux.
No file ./tex/prefaceFirstBook.aux.
No file ./tex/calculusFunctions.aux.
No file ./tex/calculusLimitsAndContinuity.aux.
No file ./tex/calculusDerivatives.aux.
No file ./tex/calculusApplicationsOfDerivatives.aux.
No file ./tex/calculusIntegration.aux.
No file ./tex/calculusApplicationsOfIntegrals.aux.
No file ./tex/calculusTranscendentalFunctions.aux.
No file ./tex/calculusTechniquesOfIntegration.aux.
No file ./tex/calculusInfiniteSeries.aux.
No file ./tex/calculusConicSectionsParametrizedCurvesPolarCoordinates.aux.
No file ./tex/calculusVectorsAndAnalyticGeometryInSpace.aux.
No file ./tex/calculusVectorValuedFunctionsandMotionInSpace.aux.
No file ./tex/calculusMultivariableFunctionsAndPartialDerivatives.aux.
(./tex/calculusMultipleIntegrals.aux)
No file ./tex/calculusIntegrationInVectorFields.aux.
No file ./tex/calculusAppendixA.aux.
No file ./tex/calculusAppendixB.aux.
No file ./tex/calculusAppendixC.aux.
No file ./tex/calculusAppendixD.aux.
No file ./tex/calculusAppendixE.aux.
No file ./tex/calculusAppendixF.aux.
No file ./tex/calculusAppendixG.aux.
No file ./tex/calculusAppendixH.aux.
No file ./tex/calculusAppendixI.aux.
No file ./tex/calculusIntegrationTable.aux.
)
 ***********
LaTeX2e <2023-11-01> patch level 1
L3 programming layer <2024-01-22>
 ***********


LaTeX Font Warning: Size substitutions with differences
(Font)              up to 0.43996pt have occurred.


LaTeX Font Warning: Some font shapes were not available, defaults substituted.


LaTeX Warning: There were undefined references.

 ) 
Here is how much of TeX's memory you used:
 68735 strings out of 474878
 1831662 string characters out of 9512517
 3531049 words of memory out of 7000000
 89762 multiletter control sequences out of 15000+600000
 589672 words of font info for 188 fonts, out of 8000000 for 9000
 1348 hyphenation exceptions out of 8191
 117i,22n,359p,2420b,5055s stack positions out of 10000i,1000n,20000p,200000b,200000s

Output written on calculusAndAnalyticGeometry.pdf (109 pages).
